Ticker,Name,Date,Industry,MarketCapB,Beta,Dividend,PeTTM,ForwardPE,VolumeDelta10d90d,EpsGrowthTTMYoy,RevenueGrowthTTMYoy,NetProfitMarginTTM,RoeTTM,TotalDebtTotalEquityQ,CurrentRatioQ
ETR,Entergy Corp,2026-10-01,Utilities,47.97,0.45,2.48,25.80,20.60,13.29,-28.49,9.71,13.54,10.33,1.87,0.91
AN,AutoNation Inc,2026-10-01,Retail,5.45,0.86,0.00,6.90,7.63,75.77,35.44,-0.06,2.82,33.18,4.83,0.78
AMTB,Amerant Bancorp Inc,2026-10-01,Banking,1.15,0.82,1.29,20.32,11.42,7.47,0.00,77.86,16.06,6.07,0.10,0.00
SPFI,South Plains Financial Inc,2026-10-01,Banking,0.80,0.50,1.42,12.15,10.85,-12.33,14.62,34.43,29.08,12.36,0.10,0.00
AQST,Aquestive Therapeutics Inc,2026-10-01,Pharmaceuticals,0.56,1.49,0.00,0.00,0.00,-9.83,0.00,22.56,-144.63,-21.76,4.68,7.19
LUMN,Lumen Technologies Inc,2026-10-01,Telecommunication,5.77,1.96,0.03,0.00,0.00,-2.19,0.00,-7.74,-8.65,-80.20,61.12,0.96
SLRC,SLR Investment Corp,2026-10-01,Financial Services,0.64,0.72,13.32,8.55,9.04,4.38,-16.93,-5.79,35.20,7.45,1.17,1.09
NEM,Newmont Corporation,2026-10-01,Metals & Mining,120.83,0.55,0.91,14.06,12.51,-12.47,42.23,25.18,33.36,25.05,0.16,2.55
CCS,Century Communities Inc,2026-10-01,Consumer products,1.71,1.27,2.08,12.73,11.96,-14.29,-44.38,-8.89,3.41,5.21,0.66,8.50
TNGX,Tango Therapeutics Inc,2026-10-01,Biotechnology,4.12,1.21,0.00,0.00,0.00,6.27,0.00,121.47,-151.15,-25.74,0.00,50.82
CHE,Chemed Corp,2026-10-01,Health Care,6.57,0.51,0.50,24.00,18.45,3.12,2.39,3.31,10.60,29.45,0.21,0.91
HSTM,HealthStream Inc,2026-10-01,Health Care,0.93,0.46,0.42,43.51,36.20,-8.13,7.70,8.78,6.60,6.01,0.00,1.06
DOCU,DocuSign Inc,2026-10-01,Technology,13.03,0.85,0.00,39.63,13.34,-7.05,23.61,8.59,9.82,17.74,0.00,0.64
RLI,RLI Corp,2026-10-01,Insurance,5.16,0.29,8.42,11.60,20.93,2.55,36.09,8.69,22.22,24.37,0.17,1.00
BRO,Brown & Brown Inc,2026-10-01,Insurance,20.67,0.55,1.06,17.21,13.58,3.16,2.32,34.24,17.75,9.62,0.62,1.13
UTL,Unitil Corp,2026-10-01,Utilities,0.92,0.29,3.55,16.25,15.13,19.42,8.52,20.80,9.49,9.11,1.49,0.49
GH,Guardant Health Inc,2026-10-01,Health Care,23.45,1.72,0.00,0.00,0.00,-18.74,0.00,42.74,-38.33,-246.60,16.78,4.03
EXEL,Exelixis Inc,2026-10-01,Biotechnology,14.36,0.48,0.00,16.90,15.62,-11.74,52.69,9.23,35.33,42.49,0.00,3.46
SDHC,Smith Douglas Homes Corp,2026-10-01,Consumer products,0.52,0.93,0.00,79.98,37.06,-28.96,-37.20,-1.19,0.64,7.82,0.83,6.15
MMI,Marcus & Millichap Inc,2026-10-01,Real Estate,1.10,1.27,1.89,75.05,40.35,25.13,0.00,11.89,1.77,2.44,0.00,2.92
PWR,Quanta Services Inc,2026-10-01,Construction,99.62,1.30,0.07,72.77,34.17,-24.31,35.37,26.30,4.03,14.74,0.63,1.10
CHDN,Churchill Downs Inc,2026-10-01,"Hotels, Restaurants & Leisure",5.21,0.82,0.61,12.53,10.82,24.53,0.52,5.73,13.82,36.90,3.56,0.36
WDC,Western Digital Corp,2026-10-01,Technology,183.73,2.27,0.11,17.35,19.88,-4.96,363.83,35.70,72.95,117.80,0.12,1.33
FOXF,Fox Factory Holding Corp,2026-10-01,Auto Components,0.77,1.39,0.00,0.00,10.48,3.85,0.00,1.55,-20.39,-40.46,1.00,3.10
VOYA,Voya Financial Inc,2026-10-01,Financial Services,8.44,0.87,2.56,14.08,9.09,26.52,17.56,3.16,7.45,12.63,0.45,50.89
KELYA,Kelly Services Inc,2026-10-01,Professional Services,0.59,0.94,1.84,0.00,10.22,-20.31,0.00,-9.63,-6.73,-27.06,0.08,1.50
SWK,Stanley Black & Decker Inc,2026-10-01,Machinery,13.53,1.19,3.82,21.22,14.91,2.00,6.87,0.77,4.07,6.90,0.53,1.43
SENEB,Seneca Foods Corp,2026-10-01,Food Products,1.20,-0.04,0.00,9.90,13.02,-18.61,177.62,12.46,6.75,16.36,0.29,3.77
ALRS,Alerus Financial Corp,2026-10-01,Financial Services,0.79,0.71,2.67,28.53,11.01,5.20,-31.37,50.04,18.85,4.88,0.10,0.00
MOD,Modine Manufacturing Co,2026-10-01,Building,10.05,1.85,0.00,68.34,25.18,1.11,-24.03,29.47,4.28,12.62,0.44,2.04
OKE,ONEOK Inc,2026-10-01,Energy,54.95,0.79,4.86,14.89,14.88,13.55,12.86,-14.68,2.85,16.27,1.44,0.74
PGNY,Progyny Inc,2026-10-01,Health Care,1.91,1.01,0.00,24.31,16.23,5.33,58.09,5.54,6.00,15.98,0.00,2.14
MTW,Manitowoc Company Inc,2026-10-01,Machinery,0.81,1.81,0.00,38.53,24.43,67.41,-53.89,8.86,0.87,2.92,0.67,2.11
MSFT,Microsoft Corp,2026-10-01,Technology,3807.82,1.06,0.69,28.76,24.19,-27.24,31.56,17.79,40.31,33.22,0.24,1.23
APPS,Digital Turbine Inc,2026-10-01,Technology,1.40,2.98,0.00,0.00,15.00,-37.20,0.00,19.24,-5.82,-19.27,1.85,1.20
SGRY,Surgery Partners Inc,2026-10-01,Health Care,1.73,1.98,0.00,0.00,32.00,51.58,0.00,-21.38,-2.68,-5.35,2.25,1.95
IFF,International Flavors & Fragrances Inc,2026-10-01,Chemicals,21.21,0.91,1.95,72.22,23.73,1.44,0.00,-11.72,2.91,2.05,0.41,2.06
SAIL,SailPoint Inc,2026-10-01,Technology,11.75,1.33,0.00,0.00,57.02,21.05,0.00,20.13,-16.92,-2.88,0.00,1.23
ASST,Strive Inc,2026-10-01,Health Care,2.94,13.72,0.00,0.00,0.00,41.51,0.00,1019.01,-10957.22,-94.73,0.00,7.62
PL,Planet Labs PBC,2026-10-01,Professional Services,5.87,2.28,0.00,0.00,0.00,-5.30,0.00,44.12,-95.13,-93.11,0.79,2.84
CDRE,Cadre Holdings Inc,2026-10-01,Aerospace & Defense,1.07,1.34,1.52,29.70,19.41,54.42,-13.32,19.74,5.26,10.76,1.08,2.14
DDS,Dillard's Inc,2026-10-01,Retail,10.10,1.05,4.69,15.21,18.57,41.06,3.93,-8.17,10.33,34.22,0.20,3.03
EWTX,Edgewise Therapeutics Inc,2026-10-01,Pharmaceuticals,4.40,0.38,0.00,0.00,0.00,42.72,0.00,0.00,0.00,-39.01,0.00,16.24
DBD,Diebold Nixdorf Inc,2026-10-01,Technology,2.14,-50.71,0.00,18.69,11.76,-14.26,0.00,5.44,2.87,10.59,0.97,1.27
GGG,Graco Inc,2026-10-01,Machinery,12.59,0.88,1.50,23.60,22.67,-2.44,12.85,4.58,23.53,20.27,0.01,2.99
OPY,Oppenheimer Holdings Inc,2026-10-01,Financial Services,1.27,1.08,1.46,12.21,0.00,9.11,13.98,20.63,5.72,10.71,1.61,0.60
AFG,American Financial Group Inc,2026-10-01,Insurance,11.45,0.55,5.08,11.90,11.48,8.45,25.75,-1.08,11.64,20.01,0.38,5.32
BATRA,Atlanta Braves Holdings Inc,2026-10-01,Media,3.39,0.79,0.00,0.00,0.00,-9.87,0.00,6.77,-8.56,-12.11,1.73,0.49
ANET,Arista Networks Inc,2026-10-01,Communications,257.91,1.58,0.00,63.49,49.78,-28.71,24.69,32.57,38.37,30.78,0.00,2.96
MGRC,McGrath RentCorp,2026-10-01,Trading Companies & Distributors,2.81,0.49,1.75,18.14,16.72,-0.28,-39.54,-0.92,16.38,12.44,0.47,1.22
EFOR,Everforth Inc,2026-10-01,Technology,1.48,0.47,0.00,18.19,9.99,-28.87,-38.11,-0.95,2.09,4.59,0.80,2.13
ON,ON Semiconductor Corp,2026-10-01,Semiconductors,31.18,2.12,0.00,48.50,17.61,6.53,44.67,-3.14,10.17,8.38,0.62,3.46
CASS,Cass Information Systems Inc,2026-10-01,Financial Services,0.69,0.44,2.39,18.73,15.90,23.30,49.42,4.34,17.08,15.09,2.92,0.04
VLGEA,Village Super Market Inc,2026-10-01,Retail,0.61,0.43,2.20,11.15,0.00,-4.76,-3.66,4.20,2.27,10.74,0.15,1.17
IDA,Idacorp Inc,2026-10-01,Utilities,7.63,0.49,2.53,22.53,19.17,23.92,6.22,-0.39,18.82,9.36,1.06,0.99
SLVM,Sylvamo Corp,2026-10-01,Paper & Forest,1.32,0.91,5.54,17.35,8.89,26.68,-63.83,-7.13,2.31,7.84,1.01,1.47
JBTM,JBT Marel Corp,2026-10-01,Machinery,5.54,0.95,0.39,28.46,12.68,3.73,0.00,44.87,4.89,4.31,0.38,1.24
KBR,KBR Inc,2026-10-01,Professional Services,4.42,0.45,1.91,10.50,8.65,5.36,20.79,-4.37,5.49,27.41,1.56,1.15
IONQ,IONQ Inc,2026-10-01,Technology,17.82,3.34,0.00,0.00,0.00,28.53,0.00,370.64,-553.27,10.72,0.00,14.05
DCO,Ducommun Inc,2026-10-01,Aerospace & Defense,2.60,1.10,0.00,0.00,39.25,-4.05,0.00,8.40,-3.10,-4.00,0.40,3.36
VRTX,Vertex Pharmaceuticals Inc,2026-10-01,Biotechnology,132.51,0.28,0.00,30.08,25.19,-18.87,22.46,10.23,35.00,23.31,0.00,3.19
ACI,Albertsons Companies Inc,2026-10-01,Retail,5.69,0.23,5.64,86.66,6.66,-3.03,-95.44,2.75,0.08,2.91,5.68,0.84
TNC,Tennant Co,2026-10-01,Machinery,1.14,1.14,1.93,61.55,13.08,-5.13,-68.37,-2.91,1.50,3.17,0.67,2.04
TCBX,Third Coast Bancshares Inc,2026-10-01,Banking,0.71,0.67,0.67,9.61,10.76,-0.55,22.54,85.88,21.98,12.56,0.21,0.00
MWH,Solv Energy Inc,2026-10-01,Construction,4.98,1.12,0.00,29.86,17.21,-36.83,0.00,0.00,3.95,36.14,0.05,1.09
CSGP,Costar Group Inc,2026-10-01,Real Estate,11.23,0.81,0.00,151.01,17.55,-1.11,-30.49,21.96,2.07,0.90,0.13,2.21
CAI,Caris Life Sciences Inc,2026-10-01,Biotechnology,8.01,0.39,0.00,82.33,99.47,37.39,0.00,38.49,10.62,18.77,0.66,5.53
SYBT,Stock Yards Bancorp Inc,2026-10-01,Banking,2.41,0.76,1.62,15.82,14.30,-18.07,15.32,0.00,0.00,13.39,0.11,0.00
PNW,Pinnacle West Capital Corp,2026-10-01,Utilities,11.47,0.50,3.88,17.37,17.47,24.63,7.43,5.69,11.52,9.04,1.62,0.59
EXPO,Exponent Inc,2026-10-01,Professional Services,3.32,0.71,1.91,29.67,26.46,14.83,4.81,7.82,18.07,27.94,0.00,2.40
KELYB,Kelly Services Inc,2026-10-01,Professional Services,0.59,0.94,1.84,0.00,10.22,-20.31,0.00,-9.63,-6.73,-27.06,0.08,1.50
XPO,XPO Inc,2026-10-01,Road & Rail,23.40,1.96,0.00,51.41,45.64,-5.54,17.98,7.06,4.71,21.57,1.63,1.01
KOP,Koppers Holdings Inc,2026-10-01,Chemicals,0.85,1.23,0.83,0.00,9.99,-6.70,0.00,-4.98,-4.59,-16.91,2.32,2.33
CRS,Carpenter Technology Corp,2026-10-01,Aerospace & Defense,19.02,1.41,0.21,36.08,28.06,5.72,41.87,8.59,16.96,25.87,0.31,3.81
RIVN,Rivian Automotive Inc,2026-10-01,Automobiles,21.37,1.63,0.00,0.00,0.00,-17.87,0.00,14.21,-54.95,-67.56,0.89,2.10
BNY,Bank of New York Mellon Corp,2026-10-01,Financial Services,97.65,1.03,1.83,15.47,15.10,26.65,31.68,0.00,0.00,14.18,1.38,0.00
ACA,Arcosa Inc,2026-10-01,Construction,7.19,1.12,0.14,14.64,31.37,17.47,431.69,2.59,17.90,18.10,0.48,3.12
TJX,TJX Companies Inc,2026-10-01,Retail,146.95,0.59,1.33,24.12,23.52,50.09,23.31,7.66,9.73,59.77,0.27,1.15
PI,Impinj Inc,2026-10-01,Semiconductors,5.62,1.93,0.00,0.00,69.72,1.22,0.00,3.51,-7.26,-12.86,1.04,3.28
RDDT,Reddit Inc,2026-10-01,Media,28.77,2.08,0.00,31.46,27.80,-3.30,279.50,66.59,31.35,29.02,0.00,10.49
BKSY,Blacksky Technology Inc,2026-10-01,Professional Services,0.87,2.86,0.00,0.00,0.00,-34.93,0.00,4.07,-61.24,-55.79,1.00,5.83
FDXF,FedEx Freight Holding Company Inc,2026-10-01,Road & Rail,16.55,-0.13,0.00,78.25,25.72,23.56,0.00,0.00,4.75,0.00,0.00,1.52
MAR,Marriott International Inc,2026-10-01,"Hotels, Restaurants & Leisure",92.52,1.18,0.79,35.91,27.30,4.40,8.84,4.72,9.62,309.12,76.12,0.53
CHCO,City Holding Co,2026-10-01,Banking,1.99,0.50,2.48,14.97,14.65,22.89,10.17,45.80,40.33,16.41,0.47,0.00
SKY,Champion Homes Inc,2026-10-01,Consumer products,4.75,1.03,0.00,24.76,25.24,-18.57,-9.03,4.52,7.16,12.11,0.08,2.74
GE,General Electric Co,2026-10-01,Aerospace & Defense,324.12,1.45,0.50,36.31,36.57,10.43,18.32,21.70,17.71,49.03,1.09,0.98
GEHC,GE Healthcare Technologies Inc,2026-10-01,Health Care,28.90,0.85,0.22,14.87,12.55,-5.30,-11.01,6.52,9.33,18.90,0.92,1.26
IONS,Ionis Pharmaceuticals Inc,2026-10-01,Biotechnology,7.31,0.41,0.00,0.00,0.00,44.70,0.00,-7.51,-64.66,-110.92,4.35,7.89
MGTX,MeiraGTx Holdings PLC,2026-10-01,Biotechnology,1.02,1.08,0.00,12.96,35.53,42.77,0.00,948.35,19.87,74.56,0.46,3.76
AMKR,Amkor Technology Inc,2026-10-01,Semiconductors,13.14,2.37,0.64,23.23,20.64,-33.05,81.73,17.93,7.45,12.37,0.54,2.17
STBA,S&T Bancorp Inc,2026-10-01,Banking,1.73,0.87,3.16,12.02,12.41,41.14,10.51,47.21,36.23,9.74,0.05,0.00
ANNX,Annexon Inc,2026-10-01,Biotechnology,0.78,1.40,0.00,0.00,0.00,3.41,0.00,0.00,0.00,-106.15,0.00,5.53
MSDL,Morgan Stanley Direct Lending Fund,2026-10-01,Financial Services,1.15,0.72,14.69,19.19,7.59,-16.93,-64.20,-9.57,15.97,3.48,1.20,1.42
EYE,National Vision Holdings Inc,2026-10-01,Retail,1.30,0.98,0.00,25.91,14.48,14.29,0.00,7.84,2.47,5.71,0.27,0.59
PFGC,Performance Food Group Co,2026-10-01,Retail,14.47,0.93,0.00,40.12,16.22,-1.48,5.11,7.17,0.53,7.63,1.39,1.51
CAPR,Capricor Therapeutics Inc,2026-10-01,Biotechnology,0.52,0.62,0.00,0.00,0.00,-12.36,0.00,0.00,-181.71,-56.60,0.00,7.35
PLOW,Douglas Dynamics Inc,2026-10-01,Machinery,0.92,1.17,3.14,17.14,12.27,-12.28,-20.58,20.05,7.52,18.51,0.65,2.16
DD,Dupont De Nemours Inc,2026-10-01,Chemicals,17.45,1.07,2.39,317.81,17.05,-22.52,0.00,5.61,2.75,0.34,0.23,2.43
VYX,NCR Voyix Corp,2026-10-01,Technology,0.94,1.49,1.38,12.43,7.47,35.79,-93.09,-5.34,3.00,6.69,0.97,1.07
BALY,Bally's Corp,2026-10-01,"Hotels, Restaurants & Leisure",0.70,1.83,0.00,0.00,0.00,74.54,0.00,20.38,-25.83,-103.53,6.99,0.91
CNNE,Cannae Holdings Inc,2026-10-01,Financial Services,0.67,1.24,4.26,0.00,0.00,28.98,0.00,-6.54,-38.18,-15.04,0.07,1.24
CLX,Clorox Co,2026-10-01,Consumer products,9.75,0.61,6.21,16.51,14.79,19.75,-26.25,-5.41,8.74,181.11,56.31,0.66
DFIN,Donnelley Financial Solutions Inc,2026-10-01,Financial Services,1.17,0.73,0.00,33.54,9.85,-14.19,-48.85,2.98,4.53,8.99,0.53,1.33
ASB,Associated Banc-Corp,2026-10-01,Banking,5.42,0.83,3.32,10.56,9.06,21.54,251.97,90.85,28.74,9.86,0.20,0.00
BFC,Bank First Corp,2026-10-01,Banking,1.66,0.44,1.25,20.35,14.62,-18.73,10.96,60.24,34.93,11.14,0.03,0.00
FNF,Fidelity National Financial Inc,2026-10-01,Insurance,10.49,0.97,5.31,13.50,7.76,66.68,-27.09,12.68,5.03,10.13,0.59,0.37
CODI,Compass Diversified Holdings,2026-10-01,Financial Services,0.83,1.33,4.71,0.00,309.10,-36.59,0.00,-13.17,-5.29,-20.69,3.36,2.26
CARG,CarGurus Inc,2026-10-01,Media,2.65,1.22,0.00,14.89,10.97,17.56,50.61,2.53,18.67,56.25,0.00,1.85
PHAT,Phathom Pharmaceuticals Inc,2026-10-01,Pharmaceuticals,0.57,0.61,0.00,0.00,26.91,2.75,0.00,110.16,-41.34,-232.78,12.38,1.92
OIS,Oil States International Inc,2026-09-28,Energy,0.50,1.28,0.00,0.00,14.84,-14.11,0.00,-2.80,-16.78,-17.95,0.03,2.35
ZD,Ziff Davis Inc,2026-10-01,Media,1.94,1.10,0.00,3.00,10.14,26.07,1040.24,-8.46,48.57,34.27,0.39,2.16
OABI,OmniAb Inc,2026-10-01,Life Sciences Tools & Services,0.73,0.60,0.00,0.00,0.00,7.81,0.00,67.01,-115.12,-16.59,0.00,4.80
KNTK,Kinetik Holdings Inc,2026-10-01,Energy,8.28,0.71,6.21,42.32,31.14,40.09,195.51,14.15,10.41,-8.71,7.97,0.68
ATO,Atmos Energy Corp,2026-10-01,Utilities,26.43,0.58,2.40,18.80,17.41,-5.00,15.78,6.45,28.50,9.67,0.68,0.81
MC,Moelis & Co,2026-10-01,Financial Services,4.62,1.89,4.66,20.44,15.90,-3.17,13.23,13.69,14.50,43.55,0.00,0.78
ASTE,Astec Industries Inc,2026-10-01,Machinery,0.94,1.37,1.31,46.79,11.20,2.52,-57.79,18.70,1.26,2.88,0.57,2.52
XE,X-Energy Inc,2026-10-01,Electrical Equipment,6.93,0.00,0.00,0.00,0.00,19.96,0.00,0.00,0.00,0.00,0.00,17.20
FAF,First American Financial Corp,2026-10-01,Insurance,6.28,1.26,3.62,8.32,9.45,16.68,298.96,22.52,9.33,13.60,0.46,0.01
CRVS,Corvus Pharmaceuticals Inc,2026-10-01,Biotechnology,0.92,1.63,0.00,0.00,0.00,22.11,0.00,0.00,0.00,-36.15,0.00,16.16
BANF,BancFirst Corp,2026-10-01,Banking,3.58,0.66,1.83,13.98,13.87,7.60,6.99,63.22,35.70,13.44,0.05,0.00
CWEN,Clearway Energy Inc,2026-10-01,Utilities,6.51,-0.40,5.95,35.58,0.00,23.05,95.00,4.23,11.83,8.71,4.47,1.13
APMD,Apnimed Inc,2026-10-01,Pharmaceuticals,0.94,1.72,0.00,0.00,0.00,58.44,0.00,0.00,0.00,0.00,0.00,1.91
VSAT,Viasat Inc,2026-10-01,Communications,9.70,1.82,0.00,0.00,0.00,-27.20,0.00,1.35,-0.64,-0.64,1.39,1.68
KEY,KeyCorp,2026-10-01,Banking,21.40,1.10,4.98,10.33,9.92,29.35,2512.15,57.10,19.18,10.12,0.74,0.00
AROW,Arrow Financial Corp,2026-10-01,Banking,0.69,0.75,2.88,13.18,9.26,6.63,70.32,26.24,24.85,11.82,0.06,0.00
JJSF,J&J Snack Foods Corp,2026-10-01,Food Products,1.45,0.45,4.26,29.02,18.27,-3.44,-39.39,-4.69,3.23,5.40,0.03,2.34
GPC,Genuine Parts Co,2026-10-01,Distributors,17.25,0.66,3.32,527.90,15.74,-35.58,-95.70,5.47,0.13,0.72,1.10,1.16
PATK,Patrick Industries Inc,2026-10-01,Auto Components,2.14,1.23,2.76,14.63,14.26,6.68,13.78,3.20,3.74,12.61,1.25,2.67
MAMA,Mama's Creations Inc,2026-10-01,Food Products,0.60,0.52,0.00,81.68,45.12,17.93,47.28,53.88,3.54,9.10,0.03,6.93
NVDA,NVIDIA Corp,2026-10-01,Semiconductors,5563.73,2.22,0.12,28.83,17.02,-18.50,125.15,83.38,63.66,110.11,0.15,4.59
ELAN,Elanco Animal Health Inc,2026-10-01,Pharmaceuticals,10.88,1.76,0.00,0.00,19.16,-0.99,0.00,11.95,-3.96,-3.02,0.59,2.05
PKOH,Park Ohio Holdings Corp,2026-10-01,Machinery,0.67,1.35,1.16,25.45,13.71,-20.84,-7.18,2.68,1.60,6.95,1.69,2.40
ACEL,Accel Entertainment Inc,2026-10-01,"Hotels, Restaurants & Leisure",0.86,1.11,0.00,15.24,15.34,27.67,63.68,8.70,4.08,20.74,2.02,2.47
BF.A,Brown-Forman Corp,2026-10-01,Beverages,12.02,0.20,3.54,16.68,15.54,2.24,-13.07,-0.84,18.42,17.80,0.61,3.26
RYAM,Rayonier Advanced Materials Inc,2026-09-28,Chemicals,0.55,1.93,0.00,0.00,0.00,-9.98,0.00,-3.54,-9.55,-51.88,3.98,1.37
LPTH,LightPath Technologies Inc,2026-10-01,Electrical Equipment,0.76,1.48,0.00,0.00,0.00,-21.31,0.00,155.83,-28.65,-18.72,0.01,4.96
VNT,Vontier Corp,2026-10-01,Electrical Equipment,4.19,1.17,0.34,12.05,8.44,-13.09,-8.16,0.88,11.34,28.25,1.59,1.25
DHR,Danaher Corp,2026-10-01,Life Sciences Tools & Services,148.86,0.78,0.64,37.64,24.38,11.81,19.66,4.56,15.95,7.66,0.51,1.65
TRUP,Trupanion Inc,2026-10-01,Insurance,1.04,1.34,0.00,44.75,35.23,10.46,108.47,11.80,1.53,5.96,0.26,1.77
BURL,Burlington Stores Inc,2026-10-01,Retail,17.29,1.51,0.00,23.50,23.14,53.26,31.44,10.89,5.85,39.82,0.96,1.17
CNS,Cohen & Steers Inc,2026-10-01,Financial Services,3.76,1.19,3.49,22.54,19.40,19.20,3.49,5.22,28.17,29.72,0.00,0.75
VIA,Via Transportation Inc,2026-10-01,Technology,2.46,0.27,0.00,0.00,0.00,30.14,0.00,-20.93,-20.04,-16.13,0.00,5.05
NDSN,Nordson Corp,2026-10-01,Machinery,18.33,0.99,1.01,32.79,24.96,-5.04,24.24,7.02,18.63,17.59,0.54,1.82
VKTX,Viking Therapeutics Inc,2026-10-01,Biotechnology,3.88,0.71,0.00,0.00,0.00,287.87,0.00,0.00,0.00,-94.56,0.00,4.72
CAC,Camden National Corp,2026-10-01,Banking,0.95,0.59,3.08,10.45,10.06,4.00,66.55,32.44,29.33,12.62,0.43,0.00
TTD,Trade Desk Inc,2026-10-01,Media,5.69,1.00,0.00,14.11,12.36,50.28,1.59,11.61,13.61,16.09,0.00,1.72
LGIH,LGI Homes Inc,2026-10-01,Consumer products,1.11,1.90,0.00,16.39,14.50,-5.17,-56.58,-16.52,3.88,3.15,0.74,20.26
NTLA,Intellia Therapeutics Inc,2026-10-01,Biotechnology,1.70,1.84,0.00,0.00,0.00,4.85,0.00,12.58,-672.16,-57.79,0.00,6.65
ESI,Element Solutions Inc,2026-10-01,Chemicals,8.85,1.30,0.89,49.61,17.40,-4.61,-25.89,26.61,5.67,6.57,0.75,2.91
GRPN,Groupon Inc,2026-10-01,Retail,0.79,0.27,0.00,0.00,39.10,-4.86,0.00,1.98,-25.26,-20.75,4.82,0.79
OTF,Blue Owl Technology Finance Corp,2026-10-01,Financial Services,4.47,0.61,13.83,11.98,7.54,-17.26,-25.17,55.63,28.70,4.80,0.95,1.05
HLIO,Helios Technologies Inc,2026-10-01,Machinery,2.27,1.28,0.57,31.97,20.33,21.16,104.94,13.98,8.01,7.65,0.35,2.74
KE,Kimball Electronics Inc,2026-10-01,Electrical Equipment,0.68,1.24,0.00,23.45,16.53,2.98,66.12,-3.72,1.95,4.82,0.20,2.09
GHC,Graham Holdings Co,2026-10-01,Diversified Consumer Services,4.88,0.75,0.67,8.85,16.95,37.90,-20.30,4.83,10.69,11.56,0.19,1.86
MAX,Mediaalpha Inc,2026-10-01,Media,0.59,1.20,0.00,6.10,6.93,16.50,0.00,13.84,7.94,715.98,6.22,1.29
NOVT,Novanta Inc,2026-10-01,Electrical Equipment,5.43,1.73,0.00,88.68,34.53,-9.66,-7.80,7.61,6.00,4.90,0.14,4.57
BDC,Belden Inc,2026-10-01,Electrical Equipment,4.23,1.16,0.19,17.01,11.77,-20.58,11.62,9.44,8.52,18.87,0.90,2.14
APH,Amphenol Corp,2026-10-01,Electrical Equipment,211.26,1.26,0.49,40.23,26.69,-13.87,59.37,54.17,17.73,37.14,1.21,1.89
AEHR,Aehr Test Systems,2026-10-01,Semiconductors,3.32,3.33,0.00,0.00,107.79,-13.84,0.00,-15.21,-14.25,-4.66,0.00,10.33
RRC,Range Resources Corp,2026-10-01,Energy,8.79,0.75,1.03,10.18,9.49,5.92,82.05,16.85,26.30,19.30,0.18,0.65
FLY,Firefly Aerospace Inc,2026-10-01,Aerospace & Defense,3.83,-0.37,0.00,0.00,0.00,-25.52,0.00,117.11,-126.64,-40.63,0.03,2.53
ACVA,ACV Auctions Inc,2026-10-01,Commercial Services & Supplies,1.77,1.79,0.00,0.00,51.33,85.77,0.00,13.30,-7.88,-14.99,0.53,1.52
TRST,TrustCo Bank Corp NY,2026-10-01,Banking,0.93,0.68,2.99,14.08,0.00,10.75,28.15,24.60,34.67,9.62,0.17,0.00
LINC,Lincoln Educational Services Corp,2026-10-01,Diversified Consumer Services,0.70,0.85,0.00,30.48,25.35,3.59,58.39,22.02,3.99,11.59,0.28,0.96
SMP,Standard Motor Products Inc,2026-10-01,Auto Components,0.83,0.82,3.42,16.23,8.03,8.77,26.88,11.32,2.78,7.36,0.82,2.00
PRIM,Primoris Services Corp,2026-10-01,Construction,4.10,1.48,0.44,28.61,17.54,-21.07,-42.37,5.12,1.92,8.46,0.50,1.18
FMC,FMC Corp,2026-10-01,Chemicals,1.33,0.45,12.54,0.00,6.91,18.52,0.00,-21.31,-84.83,-118.57,2.62,1.99
WAT,Waters Corp,2026-10-01,Life Sciences Tools & Services,43.82,1.18,0.00,262.13,30.61,-7.03,-63.92,52.47,3.58,1.88,0.33,1.79
LDOS,Leidos Holdings Inc,2026-10-01,Professional Services,15.31,0.60,2.04,11.41,9.75,-13.20,85.67,3.41,7.80,27.35,1.14,1.63
EROC,ERock Inc,2026-10-01,Electrical Equipment,2.67,3.36,0.00,0.00,0.00,2.26,0.00,0.00,0.00,0.00,0.00,0.00
WSO,Watsco Inc,2026-10-01,Trading Companies & Distributors,12.68,1.02,4.00,26.20,24.95,21.10,-11.05,-2.98,6.53,16.76,0.00,3.20
TIPT,Tiptree Inc,2026-10-01,Insurance,0.64,0.73,1.69,1.55,39.28,5.07,657.47,-73.51,2.44,68.58,0.00,5.07
RVMD,Revolution Medicines Inc,2026-10-01,Biotechnology,44.13,1.44,0.00,0.00,0.00,6.65,0.00,0.00,-2833.88,-54.06,0.40,11.38
VSXY,Victoria's Secret & Co,2026-10-01,Retail,7.06,2.18,0.00,18.67,18.79,-18.06,167.02,10.32,5.47,45.97,0.98,1.36
MQ,Marqeta Inc,2026-10-01,Financial Services,1.77,1.06,0.00,170.44,39.92,-1.99,0.00,22.41,1.53,1.36,0.00,1.66
BANR,Banner Corp,2026-10-01,Banking,2.47,0.84,2.86,11.64,10.61,-12.77,16.40,28.08,30.52,10.65,0.10,0.00
WBI,WaterBridge Infrastructure LLC,2026-10-01,Energy,3.51,-0.25,0.00,300.95,43.55,-5.02,0.00,0.00,1.55,1.78,2.13,1.54
GRND,Grindr Inc,2026-10-01,Media,2.46,0.19,0.00,28.06,22.67,-4.14,0.00,32.38,18.75,123.31,466.14,1.10
VNOM,Viper Energy Inc,2026-10-01,Energy,14.50,0.52,5.65,242.85,15.85,39.12,-95.94,108.20,2.89,1.23,0.33,6.37
APOG,Apogee Enterprises Inc,2026-10-01,Building,0.75,1.08,3.05,10.70,11.21,17.41,35.74,1.79,4.88,13.43,0.46,1.76
ORRF,Orrstown Financial Services Inc,2026-10-01,Banking,0.81,0.71,2.84,9.09,9.47,4.08,99.27,41.29,28.57,14.46,0.03,0.00
FBK,FB Financial Corp,2026-10-01,Banking,2.60,0.99,1.63,13.15,10.64,91.52,94.23,51.07,26.37,10.03,0.16,0.00
PINS,Pinterest Inc,2026-10-01,Media,11.02,0.99,0.00,44.17,9.61,12.73,-91.60,16.64,5.46,6.50,0.34,3.81
HXL,Hexcel Corp,2026-10-01,Aerospace & Defense,6.56,1.18,0.84,41.88,29.43,2.02,84.49,5.41,7.76,11.41,0.74,2.43
VPG,Vishay Precision Group Inc,2026-10-01,Electrical Equipment,0.96,1.46,0.00,163.78,126.32,-38.79,85.80,7.51,1.85,1.77,0.06,4.47
UNIT,Uniti Group Inc (Delaware),2026-10-01,Telecommunication,1.93,1.40,0.87,1.78,0.00,8.25,1267.92,199.69,30.45,279.34,65.92,1.22
EXP,Eagle Materials Inc,2026-10-01,Construction,5.31,1.32,0.62,12.88,13.77,12.27,-6.86,1.68,17.32,26.87,1.18,3.23
FSK,FS KKR Capital Corp,2026-10-01,Financial Services,3.07,0.98,23.53,0.00,7.26,-25.97,0.00,-20.11,-28.52,-6.70,1.26,2.15
BYD,Boyd Gaming Corp,2026-10-01,"Hotels, Restaurants & Leisure",4.80,1.17,1.22,2.61,9.54,23.46,249.96,1.75,44.34,70.49,1.05,0.77
PNFP,Pinnacle Financial Partners Inc,2026-10-01,Banking,14.30,1.06,1.61,17.00,8.52,0.98,-2.14,82.73,35.57,7.58,0.06,0.00
RBC,RBC Bearings Inc,2026-10-01,Machinery,16.10,1.40,0.07,49.22,34.01,31.89,23.76,17.31,16.40,9.66,0.23,2.53
BAX,Baxter International Inc,2026-10-01,Health Care,12.22,0.67,1.50,0.00,11.58,20.72,0.00,5.36,-9.27,-16.60,1.52,1.95
BE,Bloom Energy Corp,2026-10-01,Electrical Equipment,81.75,3.66,0.00,333.08,102.82,39.67,586.53,90.98,7.87,24.77,1.67,4.09
RRR,Red Rock Resorts Inc,2026-10-01,"Hotels, Restaurants & Leisure",5.14,1.43,2.38,30.11,18.04,64.35,30.83,0.86,8.43,91.10,21.21,0.68
GYRE,Gyre Therapeutics Inc,2026-10-01,Biotechnology,0.74,2.55,0.00,0.00,0.00,176.97,0.00,16.83,-14.58,-15.84,0.00,4.26
UGI,UGI Corp,2026-10-01,Utilities,7.80,0.99,4.26,12.61,11.41,12.01,6.47,0.22,29.79,12.21,1.35,1.44
AIZ,Assurant Inc,2026-10-01,Insurance,13.13,0.55,1.37,12.17,11.85,24.73,53.42,9.36,7.90,18.03,0.36,0.00
MIR,Mirion Technologies Inc,2026-10-01,Electrical Equipment,3.57,1.13,0.00,146.42,26.33,0.71,117.00,15.68,2.39,1.33,0.66,3.20
APP,Applovin Corp,2026-10-01,Technology,94.14,2.50,0.00,21.35,17.29,-11.52,84.72,60.59,64.58,193.10,1.11,4.30
SOUN,SoundHound AI Inc,2026-10-01,Technology,2.72,2.87,0.00,0.00,0.00,-45.22,0.00,54.58,-67.45,-30.22,0.00,3.91
NXT,Nextpower Inc,2026-10-01,Electrical Equipment,12.06,2.01,0.00,19.90,16.18,-19.58,6.10,16.97,16.36,26.32,0.00,2.69
INSM,Insmed Inc,2026-10-01,Biotechnology,23.71,0.84,0.00,0.00,647.55,-27.32,0.00,185.76,-76.94,-111.26,0.96,3.72
NVCT,Nuvectis Pharma Inc,2026-10-01,Biotechnology,0.68,-0.23,0.00,0.00,0.00,-9.45,0.00,0.00,0.00,-169.47,0.00,1.68
VMI,Valmont Industries Inc,2026-10-01,Construction,9.05,1.39,0.62,18.08,18.60,4.44,108.33,3.80,11.70,29.84,0.42,2.35
MPLT,MapLight Therapeutics Inc,2026-10-01,Biotechnology,0.51,0.85,0.00,0.00,0.00,-25.38,0.00,0.00,0.00,-63.84,0.00,16.52
GLIBK,GCI Liberty Inc,2026-10-01,Telecommunication,0.94,-0.57,0.00,0.00,8.10,-32.37,0.00,-32.86,-32.53,-20.72,0.73,3.37
FERG,Ferguson Enterprises Inc,2026-10-01,Trading Companies & Distributors,42.85,1.13,1.56,17.76,18.00,-25.08,33.62,3.66,7.64,40.62,0.79,1.73
AMR,Alpha Metallurgical Resources Inc,2026-10-01,Metals & Mining,2.16,0.81,0.02,0.00,0.00,6.08,0.00,-12.92,-2.23,-2.99,0.01,3.41
CBZ,CBIZ Inc,2026-10-01,Professional Services,3.01,0.90,0.00,22.97,13.13,-19.24,23.09,14.32,4.73,7.08,0.78,1.47
KR,Kroger Co,2026-10-01,Retail,35.13,0.37,2.52,32.69,10.86,13.89,-53.13,1.58,0.73,3.47,2.91,0.70
AFRM,Affirm Holdings Inc,2026-10-01,Financial Services,23.76,3.81,0.00,12.31,32.85,-4.14,5459.72,32.15,45.29,47.91,1.79,4.16
TRAX,First Tracks Biotherapeutics Inc,2026-10-01,Biotechnology,1.21,1.53,0.00,0.00,0.00,19.75,0.00,0.00,0.00,0.00,0.00,14.28
CASH,Pathward Financial Inc,2026-10-01,Banking,1.53,0.68,0.29,8.56,7.97,19.15,4.81,27.72,23.54,20.60,0.24,0.00
QLYS,Qualys Inc,2026-10-01,Technology,6.48,0.58,0.00,31.36,22.11,-10.98,15.01,10.35,29.38,37.17,0.00,1.38
WSBC,WesBanco Inc,2026-10-01,Banking,3.99,0.73,4.40,10.03,10.19,-9.39,105.92,39.42,28.82,8.72,0.10,0.00
OMDA,Omada Health Inc,2026-10-01,Health Care,1.25,1.60,0.00,295.92,62.12,35.92,0.00,8.26,1.39,1.84,0.00,3.91
GOOG,Alphabet Inc,2026-10-01,Media,4136.68,1.21,0.25,16.99,21.39,-5.33,115.31,20.05,54.77,50.84,0.15,2.72
REPL,Replimune Group Inc,2026-10-01,Biotechnology,1.27,0.98,0.00,0.00,0.00,-53.66,0.00,0.00,0.00,-159.32,1.03,5.23
DE,Deere & Co,2026-10-01,Machinery,179.91,0.89,0.99,36.36,31.93,-2.10,-5.93,7.99,10.16,18.11,2.28,0.94
ESQ,Esquire Financial Holdings Inc,2026-10-01,Banking,1.43,0.37,0.45,27.00,15.07,64.55,13.62,58.48,36.68,17.81,0.00,0.00
FCFS,Firstcash Holdings Inc,2026-10-01,Financial Services,9.03,0.58,0.82,23.26,17.70,-18.51,34.81,21.61,9.42,17.07,1.01,4.89
UCTT,Ultra Clean Holdings Inc,2026-10-01,Semiconductors,3.56,1.83,0.00,0.00,15.02,-29.16,0.00,2.53,-1.07,-3.48,0.94,2.73
FBIZ,First Business Financial Services Inc,2026-10-01,Banking,0.58,0.69,2.03,10.27,10.32,24.60,16.02,67.39,26.41,14.75,0.14,0.00
CNXC,Concentrix Corp,2026-10-01,Professional Services,1.65,0.53,5.55,0.00,2.56,55.24,0.00,3.89,-13.15,-41.80,1.70,1.18
MTB,M&T Bank Corp,2026-10-01,Banking,31.39,0.67,3.47,10.12,10.82,-3.54,21.96,86.16,30.70,10.66,0.65,0.00
CPF,Central Pacific Financial Corp,2026-10-01,Banking,0.93,0.86,3.27,11.01,10.61,39.52,39.70,22.86,24.78,14.00,0.09,0.00
FTK,Flotek Industries Inc,2026-10-01,Chemicals,1.08,1.53,0.00,27.66,38.03,8.37,125.48,36.77,12.97,32.27,0.39,1.78
MAT,Mattel Inc,2026-10-01,Leisure Products,4.30,0.66,0.00,8.48,8.75,26.13,-12.53,2.90,7.78,19.88,1.17,1.90
RCL,Royal Caribbean Cruises Ltd,2026-10-01,"Hotels, Restaurants & Leisure",72.21,1.93,1.59,16.44,11.99,70.25,22.36,8.72,23.54,43.79,2.23,0.21
SRE,Sempra,2026-10-01,Utilities,51.04,0.58,3.29,22.12,14.97,2.28,-17.11,1.42,19.46,7.14,1.12,1.64
ENVX,Enovix Corp,2026-10-01,Electrical Equipment,0.61,2.36,0.00,0.00,0.00,9.69,0.00,34.88,-473.89,-66.93,2.53,9.71
ITW,Illinois Tool Works Inc,2026-10-01,Machinery,74.29,0.96,2.46,23.31,22.32,15.62,-3.19,4.30,19.39,101.75,3.35,1.11
GLXY,Galaxy Digital Inc,2026-10-01,Financial Services,9.00,3.55,0.00,0.00,0.00,-23.72,0.00,0.00,-0.18,-3.68,0.83,1.35
IBP,Installed Building Products Inc,2026-10-01,Consumer products,5.12,1.69,1.76,20.34,18.91,3.55,3.33,0.27,8.46,37.20,1.68,2.98
BCAX,Bicara Therapeutics Inc,2026-10-01,Biotechnology,1.20,0.94,0.00,0.00,0.00,10.69,0.00,0.00,0.00,-41.49,0.00,11.59
ATRC,AtriCure Inc,2026-10-01,Health Care,2.73,1.25,0.00,270.79,165.08,87.55,0.00,13.94,1.85,2.14,0.13,4.22
EXC,Exelon Corp,2026-10-01,Utilities,41.78,0.26,4.00,14.98,13.98,8.21,3.66,6.56,10.99,9.61,1.77,1.09
ITT,ITT Inc,2026-10-01,Machinery,18.07,1.26,0.69,42.88,23.14,23.32,-19.93,28.07,8.90,10.35,0.78,1.26
MAZE,Maze Therapeutics Inc,2026-10-01,Pharmaceuticals,1.48,1.00,0.00,0.00,0.00,92.75,0.00,700.00,0.00,-34.94,0.09,18.31
TPG,TPG Inc,2026-10-01,Financial Services,17.20,1.49,7.73,72.81,13.48,-1.25,140.60,30.16,4.68,20.11,1.90,0.19
AWR,American States Water Co,2026-10-01,Utilities,3.22,0.55,2.44,22.46,22.30,-9.32,12.00,10.27,26.11,13.50,0.81,0.98
AMG,Affiliated Managers Group Inc,2026-10-01,Financial Services,9.62,1.07,0.01,11.12,8.76,10.97,121.28,11.81,37.72,26.95,0.99,1.24
BFAM,Bright Horizons Family Solutions Inc,2026-10-01,Diversified Consumer Services,3.15,1.12,0.00,17.71,12.69,21.61,4.01,8.51,5.78,14.42,1.36,0.48
SWBI,Smith & Wesson Brands Inc,2026-10-01,Leisure Products,0.65,0.84,3.63,26.24,23.68,-20.84,99.78,16.96,4.44,6.63,0.19,3.62
SWRD,Stewards Inc,2026-10-01,Financial Services,0.51,1.08,0.00,0.00,0.00,-16.23,0.00,1730.00,-112.02,-678.26,0.25,0.55
ASAN,Asana Inc,2026-10-01,Technology,2.04,1.08,0.00,0.00,23.94,71.77,0.00,9.48,-18.63,-105.68,0.36,0.92
LCII,LCI Industries,2026-10-01,Auto Components,2.00,1.25,5.48,9.63,9.62,-8.64,43.49,4.05,5.24,15.25,0.60,2.49
AAP,Advance Auto Parts Inc,2026-10-01,Retail,2.34,1.07,2.57,27.75,11.69,-7.07,0.00,-1.30,0.97,3.79,1.50,1.75
RPD,Rapid7 Inc,2026-10-01,Technology,0.81,0.97,0.00,40.61,7.16,-19.69,-15.57,0.07,2.35,12.33,4.55,0.80
HNI,HNI Corp,2026-10-01,Commercial Services & Supplies,3.37,0.96,2.53,747.74,10.36,-4.01,-96.18,70.13,0.10,0.28,0.77,1.36
ESE,ESCO Technologies Inc,2026-10-01,Machinery,6.99,1.05,0.12,22.21,28.23,28.05,173.22,16.55,24.39,19.97,0.06,1.38
AGCO,AGCO Corp,2026-10-01,Machinery,7.83,1.11,1.10,14.54,17.64,17.71,441.48,1.74,5.15,12.45,0.67,1.32
SECZ,Securitize Corp,2026-10-01,Financial Services,2.24,0.53,0.00,975.81,0.00,191.13,0.00,0.00,0.00,1.01,0.00,0.07
PLUG,Plug Power Inc,2026-10-01,Electrical Equipment,2.64,2.10,0.00,0.00,0.00,-13.32,0.00,10.59,-220.59,-176.19,1.41,2.32
ENTG,Entegris Inc,2026-10-01,Semiconductors,24.22,1.39,0.26,77.69,32.04,-23.83,2.31,3.19,9.15,7.59,0.84,3.05
NOV,Nov Inc,2026-10-01,Energy,6.74,0.99,2.25,70.96,16.91,1.62,-78.59,-1.72,1.10,1.51,0.32,2.42
FIBK,First Interstate Bancsystem Inc,2026-10-01,Banking,3.41,0.72,5.64,10.34,12.82,31.41,45.92,104.17,25.74,9.55,0.23,0.00
ISBA,Bally's Corp,2026-10-01,"Hotels, Restaurants & Leisure",0.70,1.83,0.00,0.00,0.00,74.54,0.00,20.38,-25.83,-103.53,6.99,0.91
BKR,Baker Hughes Co,2026-10-01,Energy,55.21,1.09,1.64,17.88,19.92,8.94,1.88,0.42,11.17,16.25,0.82,2.09
WGO,Winnebago Industries Inc,2026-10-01,Automobiles,0.86,1.26,5.27,19.58,11.92,-3.61,0.00,3.44,1.36,3.13,0.36,2.37
DXPE,DXP Enterprises Inc,2026-10-01,Trading Companies & Distributors,2.83,1.03,0.00,30.04,25.05,1.76,8.39,11.47,4.35,18.27,1.53,2.99
WTRG,Essential Utilities Inc,2026-10-01,Utilities,11.44,0.63,3.51,19.88,17.29,16.76,-16.23,9.86,21.60,8.05,1.21,0.78
SMC,Summit Midstream Corp,2026-10-01,Energy,0.62,0.91,33.30,3448.95,0.00,46.65,0.00,24.82,-0.37,0.03,2.07,0.94
SJM,J.M. Smucker Co,2026-10-01,Food Products,12.39,0.26,3.78,53.85,11.13,-9.63,0.00,5.08,2.51,4.06,1.17,0.87
ZM,Zoom Communications Inc,2026-10-01,Technology,27.07,1.05,0.00,8.04,14.46,-14.34,184.27,5.04,65.19,32.25,0.00,3.83
PPLI,People Incorporated,2026-10-01,Media,3.05,1.17,0.00,9.13,14.59,71.41,0.00,-32.09,16.05,7.02,0.28,3.69
BVS,Bioventus Inc,2026-10-01,Health Care,1.13,0.69,0.00,20.77,15.59,-30.42,0.00,3.14,9.36,28.39,1.13,1.69
ROKU,Roku Inc,2026-10-01,Media,22.46,2.16,0.00,63.07,44.00,-53.88,0.00,18.52,6.82,13.18,0.00,2.87
CBRS,Cerebras Systems Inc,2026-10-01,Semiconductors,37.95,5.22,0.00,0.00,268.07,3.13,0.00,0.00,0.00,0.00,0.10,5.82
RSG,Republic Services Inc,2026-10-01,Commercial Services & Supplies,63.38,0.35,1.19,29.29,27.25,5.39,4.18,3.21,12.94,18.27,1.17,0.64
VRTS,Virtus Investment Partners Inc,2026-10-01,Financial Services,0.88,1.43,7.51,7.31,5.31,31.68,-14.58,-7.16,14.52,12.90,2.89,1.54
WDFC,WD-40 Co,2026-10-01,Consumer products,3.06,0.29,1.96,30.42,30.00,-2.74,3.51,10.15,13.22,33.05,0.36,2.65
SNX,TD Synnex Corp,2026-10-01,Electrical Equipment,21.73,1.43,0.70,18.91,13.26,88.05,63.40,16.26,1.63,13.12,0.53,1.20
ILMN,Illumina Inc,2026-10-01,Life Sciences Tools & Services,40.12,1.44,0.00,49.66,42.06,150.37,-31.92,4.88,18.36,31.08,0.70,1.80
DCI,Donaldson Company Inc,2026-10-01,Machinery,10.17,0.89,1.40,22.22,19.55,-0.37,26.12,5.28,11.68,27.71,0.75,2.08
THO,Thor Industries Inc,2026-10-01,Automobiles,3.56,1.56,3.07,19.96,16.49,42.62,-30.11,0.30,1.85,4.13,0.22,1.77
SBSI,Southside Bancshares Inc,2026-10-01,Banking,0.91,0.58,4.80,11.78,9.58,20.68,-10.51,44.42,37.11,8.89,0.71,0.00
NEE,Nextera Energy Inc,2026-10-01,Utilities,159.26,0.62,3.13,16.97,18.40,15.53,55.30,10.82,32.40,16.82,1.93,0.53
TRS,TriMas Corp,2026-10-01,Packaging,1.38,0.61,0.45,1.68,19.37,-22.25,2313.63,-37.14,134.53,68.29,0.28,5.44
LOB,Live Oak Bancshares Inc,2026-10-01,Banking,1.68,1.82,0.76,12.00,10.11,-4.13,146.12,59.56,13.46,11.08,0.08,0.00
PRKS,United Parks & Resorts Inc,2026-10-01,"Hotels, Restaurants & Leisure",1.41,1.22,0.00,11.00,10.69,8.17,-31.85,-3.54,8.11,0.00,0.00,0.48
POST,Post Holdings Inc,2026-10-01,Food Products,3.20,0.46,0.00,10.93,9.52,8.39,-8.11,6.20,3.48,8.70,2.48,1.85
TTEK,Tetra Tech Inc,2026-10-01,Commercial Services & Supplies,8.63,0.89,0.81,19.59,20.45,-18.75,106.14,-5.22,10.00,23.75,0.43,1.18
KRO,Kronos Worldwide Inc,2026-10-01,Chemicals,0.88,1.10,2.66,0.00,15.56,8.83,0.00,2.70,-5.63,-14.34,0.76,3.30
CNP,CenterPoint Energy Inc,2026-10-01,Utilities,24.51,0.45,2.42,21.78,18.54,5.31,18.28,1.35,5.74,9.85,2.10,1.12
BLMN,Bloomin' Brands Inc,2026-10-01,"Hotels, Restaurants & Leisure",0.72,1.36,1.92,23.99,8.22,18.60,0.00,9.06,0.70,7.35,1.65,0.25
LYTS,LSI Industries Inc,2026-10-01,Electrical Equipment,0.78,0.55,0.84,34.20,14.68,2.90,-14.78,20.23,3.28,7.51,0.71,1.97
HNST,Honest Company Inc,2026-10-01,Consumer products,0.54,2.48,0.00,0.00,45.49,-8.85,0.00,-12.26,-3.56,-6.99,0.00,3.94
CACC,Credit Acceptance Corp,2026-10-01,Financial Services,5.31,1.44,0.00,10.93,10.57,3.06,28.75,2.58,21.54,32.35,3.96,0.01
RVTY,Revvity Inc,2026-10-01,Life Sciences Tools & Services,16.63,1.09,0.19,71.71,24.98,48.72,-10.84,4.05,8.16,3.27,0.44,1.80
KTOS,Kratos Defense and Security Solutions Inc,2026-10-01,Aerospace & Defense,8.04,1.18,0.00,258.13,45.46,1.72,88.08,25.50,2.03,1.14,0.04,5.54
GRNT,Granite Ridge Resources Inc,2026-10-01,Energy,0.58,0.20,9.97,0.00,7.48,26.18,0.00,14.60,-5.56,-4.68,0.82,1.02
CSTL,Castle Biosciences Inc,2026-10-01,Health Care,1.08,1.04,0.00,0.00,0.00,6.50,0.00,3.18,-5.43,-4.15,0.02,6.04
EROK,EagleRock Land LLC,2026-10-01,Energy,2.79,-0.14,0.00,0.00,0.00,-10.44,0.00,0.00,0.00,0.00,0.00,2.06
LIF,Life360 Inc,2026-10-01,Technology,3.28,2.37,0.00,22.28,64.65,-21.22,398.13,33.96,25.72,27.39,0.51,5.60
LMND,Lemonade Inc,2026-10-01,Insurance,3.62,2.05,0.00,0.00,0.00,-6.28,0.00,62.31,-14.19,-26.78,0.41,0.00
GO,Grocery Outlet Holding Corp,2026-10-01,Retail,1.17,0.68,0.00,0.00,18.09,-25.17,0.00,5.12,-8.04,-40.07,0.62,1.29
EMR,Emerson Electric Co,2026-10-01,Electrical Equipment,88.45,1.24,1.41,33.87,21.26,-9.39,-1.79,4.82,13.82,12.68,0.64,0.90
RDVT,Red Violet Inc,2026-10-01,Technology,1.29,1.75,0.00,79.45,43.39,-4.32,87.93,20.18,16.54,15.64,0.00,10.88
BOKF,BOK Financial Corp,2026-10-01,Banking,7.68,0.79,1.99,11.59,12.22,16.01,26.47,74.86,29.24,10.84,0.32,0.00
LIME,Neutron Holdings Inc,2026-10-01,Road & Rail,1.87,3.71,0.00,0.00,13.38,27.55,0.00,0.00,0.00,0.00,0.00,0.00
KWR,Quaker Chemical Corp,2026-10-01,Chemicals,2.73,1.44,1.31,27.29,17.77,-1.04,0.00,7.79,4.94,7.12,0.63,2.46
AVNT,Avient Corp,2026-10-01,Chemicals,3.72,1.28,2.69,21.83,12.04,-20.85,43.14,2.36,5.10,7.09,0.77,1.90
STZ,Constellation Brands Inc,2026-10-01,Beverages,19.30,0.43,3.70,10.56,9.75,3.04,0.00,-9.99,20.14,23.13,1.28,0.91
LMRI,Lumexa Imaging Holdings Inc,2026-10-01,Health Care,0.97,1.11,0.00,0.00,16.06,-5.03,0.00,0.00,-2.77,-8.67,1.45,1.44
ABTC,American Bitcoin Corp,2026-10-01,Technology,0.60,4.16,0.00,0.00,0.00,16.29,0.00,2495.03,-71.75,-29.89,0.00,0.19
PENG,Penguin Solutions Inc,2026-10-01,Semiconductors,2.82,2.87,0.42,29.35,16.90,-44.88,0.00,11.97,6.44,15.95,0.69,1.54
MKSI,MKS Incorporated,2026-10-01,Semiconductors,18.34,2.10,0.35,41.09,15.99,-7.72,58.58,16.23,10.12,15.83,1.32,1.14
ALT,Altimmune Inc,2026-10-01,Biotechnology,0.54,0.07,0.00,0.00,0.00,8.27,0.00,55.00,-214860.98,-31.41,0.07,26.78
FSS,Federal Signal Corp,2026-10-01,Machinery,6.85,1.23,0.51,24.02,20.66,1.00,29.03,23.97,11.66,20.22,0.30,2.74
MCFT,Mastercraft Boat Holdings Inc,2026-09-26,Leisure Products,0.50,1.12,0.00,0.00,10.27,89.29,0.00,22.77,-0.48,-0.70,0.00,1.56
BILL,BILL Holdings Inc,2026-10-01,Technology,3.73,1.11,0.00,0.00,11.63,-19.90,0.00,13.03,-0.68,-0.30,0.52,1.51
JPM,JPMorgan Chase & Co,2026-10-01,Banking,885.65,1.05,1.96,13.57,13.57,13.39,19.48,108.98,33.26,17.81,3.30,0.00
Q,Qnity Electronics Inc,2026-10-01,Semiconductors,26.87,1.60,0.00,44.89,24.23,-17.83,0.00,0.00,11.25,7.64,0.55,2.01
INGM,Ingram Micro Holding Corp,2026-10-01,Electrical Equipment,6.39,0.95,1.23,14.32,7.42,57.28,61.37,11.54,0.77,10.23,0.89,1.31
HRTG,Heritage Insurance Holdings Inc,2026-10-01,Insurance,1.01,1.02,0.00,4.58,6.34,-3.25,102.68,1.54,25.19,42.41,0.15,0.31
ENPH,Enphase Energy Inc,2026-10-01,Semiconductors,4.34,1.43,0.00,32.53,15.90,-3.60,-19.54,-10.41,10.09,12.28,0.48,3.45
ACT,Enact Holdings Inc,2026-10-01,Financial Services,6.07,0.47,2.05,8.88,9.65,10.15,7.78,2.49,54.51,12.76,0.14,0.00
BR,Broadridge Financial Solutions Inc,2026-10-01,Professional Services,18.19,0.94,2.41,16.39,15.14,-11.95,35.62,8.53,15.04,40.24,1.15,1.24
AMBQ,Ambiq Micro Inc,2026-10-01,Semiconductors,1.67,2.68,0.00,0.00,0.00,17.16,0.00,-10.76,-37.77,-15.21,0.00,15.95
TILE,Interface Inc,2026-10-01,Commercial Services & Supplies,1.99,2.11,0.24,9.14,14.64,5.12,127.84,4.06,15.42,33.54,0.32,2.53
KBH,KB Home,2026-10-01,Consumer products,2.83,1.37,2.34,10.15,11.40,73.95,-45.54,-17.52,4.94,7.04,0.52,6.61
BFLY,Butterfly Network Inc,2026-10-01,Health Care,2.31,2.14,0.00,0.00,0.00,-8.05,0.00,28.14,-66.84,-38.42,0.00,4.06
KRT,Karat Packaging Inc,2026-10-01,Trading Companies & Distributors,1.06,0.76,3.36,21.32,22.02,54.82,57.06,11.62,10.18,32.51,0.21,2.25
KGS,Kodiak Gas Services Inc,2026-10-01,Energy,5.42,0.95,3.28,66.62,19.41,19.21,-6.60,8.23,5.77,5.56,1.28,1.45
MMED,MiniMed Group Inc,2026-10-01,Health Care,5.51,0.15,0.00,0.00,29.11,90.95,0.00,0.00,0.00,0.00,0.00,1.81
SXI,Standex International Corp,2026-10-01,Machinery,3.50,1.06,0.49,31.61,26.13,-13.89,86.72,12.85,11.74,14.35,0.69,2.40
CYTK,Cytokinetics Inc,2026-10-01,Biotechnology,9.12,0.40,0.00,0.00,0.00,16.60,0.00,-21.07,-1321.12,-131.19,6.01,6.66
HBNC,Horizon Bancorp Inc,2026-10-01,Banking,0.98,0.84,3.32,0.00,8.83,6.11,0.00,33.16,33.56,-20.76,0.52,0.00
NTNX,Nutanix Inc,2026-10-01,Technology,19.35,0.72,0.00,12.74,29.19,-22.21,705.43,12.44,52.81,180.71,1.92,1.80
AM,Antero Midstream Corp,2026-10-01,Energy,9.62,0.72,4.54,24.05,17.56,25.42,-11.40,6.87,32.41,20.19,1.83,0.84
CCO,Clear Channel Outdoor Holdings Inc,2026-10-01,Media,1.22,2.06,0.00,0.00,0.00,-23.67,0.00,29.56,-6.31,-160.61,38.29,1.25
MRSH,Marsh & McLennan Companies Inc,2026-10-01,Insurance,82.01,0.56,2.16,20.56,15.24,32.49,-1.95,8.33,14.24,26.53,1.35,1.14
XEL,Xcel Energy Inc,2026-10-01,Utilities,48.84,0.38,3.10,19.75,16.30,7.77,1.34,4.73,15.34,9.64,1.70,0.70
SBUX,Starbucks Corp,2026-10-01,"Hotels, Restaurants & Leisure",108.16,1.04,2.61,54.26,30.35,7.20,-24.99,4.49,5.17,115.68,8.07,0.76
HPK,Highpeak Energy Inc,2026-10-01,Energy,1.00,0.12,1.20,0.00,0.00,30.53,0.00,-7.30,-9.93,-5.69,0.77,0.86
HTLD,Heartland Express Inc,2026-10-01,Road & Rail,0.90,1.39,0.70,0.00,29.36,16.65,0.00,-21.02,-2.98,-2.89,0.18,1.58
SMG,Scotts Miracle-Gro Co,2026-10-01,Chemicals,2.91,1.91,5.39,38.78,11.16,42.75,43.57,-1.95,2.19,-109.78,22.84,1.21
KBDC,Kayne Anderson BDC Inc,2026-10-01,Financial Services,0.84,0.60,21.36,11.13,8.27,23.48,-35.59,4.24,31.54,6.79,1.17,0.43
PAYX,Paychex Inc,2026-10-01,Professional Services,35.90,0.84,4.56,19.75,18.80,45.17,12.94,13.97,27.35,47.11,1.23,1.28
WCN,"Waste Connections, Inc",2026-10-01,Commercial Services & Supplies,58.59,0.18,0.63,52.38,25.63,12.65,66.80,5.74,10.86,13.13,1.17,0.66
RGA,Reinsurance Group of America Inc,2026-10-01,Insurance,15.97,0.45,1.52,10.60,8.33,7.81,98.03,19.88,5.78,11.30,0.42,0.00
HAE,Haemonetics Corp,2026-10-01,Health Care,4.75,0.66,0.00,49.63,19.66,-28.04,-37.42,0.44,7.12,11.35,1.40,3.08
OWL,Blue Owl Capital Inc,2026-10-01,Financial Services,13.95,1.33,4.31,172.46,10.30,-15.65,28.68,14.19,2.71,3.76,1.91,0.81
OPLN,Openlane Inc,2026-10-01,Commercial Services & Supplies,4.28,1.40,0.52,20.85,24.17,1.30,32.12,10.25,9.67,12.00,1.54,1.17
ADPT,Adaptive Biotechnologies Corp,2026-10-01,Life Sciences Tools & Services,4.37,2.19,0.00,0.00,0.00,-8.54,0.00,50.13,-20.73,-32.64,2.34,4.79
FLUT,Flutter Entertainment PLC,2026-10-01,"Hotels, Restaurants & Leisure",13.27,1.22,0.00,0.00,16.02,20.69,0.00,15.24,-4.39,-8.36,1.37,0.89
QTWO,Q2 Holdings Inc,2026-10-01,Technology,3.52,1.42,0.00,37.58,19.48,-10.12,2696.96,13.90,10.87,14.49,0.00,0.94
APAM,Artisan Partners Asset Management Inc,2026-10-01,Financial Services,2.93,1.75,9.62,9.75,9.08,4.26,9.70,9.78,24.08,72.85,0.45,0.74
PLNT,Planet Fitness Inc,2026-10-01,"Hotels, Restaurants & Leisure",3.16,1.07,0.00,13.32,12.87,82.27,31.71,12.70,16.88,35.79,50.76,1.58
AMRC,Ameresco Inc,2026-10-01,Construction,1.11,2.53,0.00,38.78,16.94,-7.71,-55.15,8.89,1.40,2.55,1.58,1.67
BHB,Bar Harbor Bankshares,2026-10-01,Banking,0.65,0.62,3.40,13.04,10.84,22.08,14.99,44.94,30.19,9.22,0.10,0.00
MLKN,MillerKnoll Inc,2026-10-01,Commercial Services & Supplies,1.39,1.40,3.80,13.77,9.57,23.79,0.00,1.20,2.57,7.34,0.96,1.65
THC,Tenet Healthcare Corp,2026-10-01,Health Care,20.45,1.22,0.00,9.16,11.97,-21.43,66.15,7.43,10.08,50.63,2.84,1.41
PPC,Pilgrims Pride Corp,2026-10-01,Food Products,6.00,0.38,7.85,11.65,10.89,-1.95,-55.97,1.42,2.96,14.85,0.76,1.36
SANM,Sanmina Corp,2026-10-01,Electrical Equipment,11.90,1.70,0.00,36.94,15.61,-23.37,19.62,58.56,2.41,12.57,0.85,1.78
MCRI,Monarch Casino & Resort Inc,2026-10-01,"Hotels, Restaurants & Leisure",2.08,1.42,1.05,17.96,16.57,35.74,48.54,5.10,20.40,20.63,0.00,1.21
ERAS,Erasca Inc,2026-10-01,Biotechnology,5.10,0.71,0.00,0.00,0.00,7.06,0.00,0.00,0.00,-80.43,0.00,8.29
ERIE,Erie Indemnity Co,2026-10-01,Insurance,10.34,0.27,2.55,17.91,18.41,-16.02,-6.47,3.67,14.01,24.52,0.00,1.25
NEXT,NextDecade Corp,2026-10-01,Energy,1.68,1.47,0.00,0.00,0.00,3.21,0.00,0.00,0.00,-150.81,89.27,0.11
DAR,Darling Ingredients Inc,2026-10-01,Food Products,9.73,1.02,0.00,16.27,9.06,3.24,470.42,14.85,9.13,4.72,0.85,1.58
CLDX,Celldex Therapeutics Inc,2026-10-01,Biotechnology,2.53,1.01,0.00,0.00,0.00,154.80,0.00,-97.27,-147787.97,-52.35,0.00,11.82
TDY,Teledyne Technologies Inc,2026-10-01,Electrical Equipment,28.40,0.90,0.00,29.02,24.76,-6.76,13.90,7.87,15.29,9.13,0.19,2.18
GRAL,Grail Inc,2026-10-01,Biotechnology,5.92,2.04,0.00,0.00,0.00,148.87,0.00,23.07,-236.95,-15.88,0.00,10.95
MYRG,MYR Group Inc,2026-10-01,Construction,4.64,1.36,0.00,27.28,21.20,-2.00,120.06,16.06,4.13,24.17,0.01,1.40
RMIX,"Suncrete, Inc",2026-10-01,Construction,0.93,1.42,0.00,0.00,0.00,10.05,0.00,0.00,0.00,0.00,0.61,1.40
BHE,Benchmark Electronics Inc,2026-10-01,Electrical Equipment,3.04,1.40,0.80,57.38,25.67,6.31,41.43,8.87,1.89,4.81,0.16,1.99
PAHC,Phibro Animal Health Corp,2026-10-01,Pharmaceuticals,1.46,0.44,1.34,14.55,9.86,-5.08,105.25,17.12,6.57,28.67,1.90,2.96
FDMT,4D Molecular Therapeutics Inc,2026-10-01,Biotechnology,0.76,2.91,0.00,0.00,0.00,31.38,0.00,278712.12,-194.74,-41.33,0.05,8.03
MTZ,MasTec Inc,2026-10-01,Construction,17.16,1.90,0.00,34.07,22.96,26.83,86.30,23.46,3.07,15.03,0.79,1.40
P,Everpure Inc,2026-10-01,Technology,44.70,1.42,0.00,178.08,48.29,186.13,79.93,27.21,5.94,17.37,0.00,1.51
APC,Arko Petroleum Corp,2026-10-01,Retail,0.71,-0.25,0.00,13.33,14.86,15.84,0.00,0.00,0.61,36.48,1.10,1.18
VTS,Vitesse Energy Inc,2026-10-01,Energy,0.70,0.71,12.58,0.00,29.84,4.10,0.00,8.52,-3.95,-1.82,0.25,1.06
REPX,Riley Exploration Permian Inc,2026-10-01,Energy,0.91,1.04,3.84,7.52,5.30,57.97,22.17,23.16,24.53,19.88,0.42,0.45
SBET,Sharplink Inc,2026-10-01,"Hotels, Restaurants & Leisure",2.08,11.42,0.00,0.00,0.00,2.32,0.00,1496.68,-3406.29,-79.20,0.00,10.45
KLAC,KLA Corp,2026-10-01,Semiconductors,261.43,1.44,0.40,54.23,32.66,-18.04,20.63,11.71,35.57,85.38,0.93,2.88
HLI,Houlihan Lokey Inc,2026-10-01,Financial Services,8.97,0.94,2.04,22.07,16.83,14.28,0.42,1.69,16.10,17.78,0.00,0.98
CART,Maplebear Inc,2026-10-01,Retail,10.21,0.86,0.00,20.80,15.97,10.62,6.57,12.61,12.02,16.72,0.00,2.28
MCO,Moody's Corp,2026-10-01,Financial Services,77.48,1.33,0.89,28.18,25.58,-5.95,33.99,11.67,34.25,79.69,2.30,1.19
TLN,Talen Energy Corp,2026-10-01,Utilities,15.28,1.63,0.00,0.00,10.30,7.55,0.00,60.83,-5.38,-14.09,5.92,0.78
MSGS,Madison Square Garden Sports Corp,2026-10-01,Media,9.61,0.60,0.01,1227.73,0.00,22.41,0.00,11.03,0.67,-6.84,0.15,0.50
SAIC,Science Applications International Corp,2026-10-01,Professional Services,5.29,0.30,1.25,14.06,11.54,-14.37,3.48,-0.78,5.13,25.89,1.73,1.20
GTES,Gates Industrial Corporation PLC,2026-10-01,Machinery,6.71,1.33,0.00,18.50,15.81,-8.80,81.96,3.34,10.37,10.70,0.63,3.24
SXT,Sensient Technologies Corp,2026-10-01,Chemicals,5.47,0.84,1.27,34.90,27.61,-15.24,16.57,8.12,9.27,13.02,0.61,4.39
EE,Excelerate Energy Inc,2026-10-01,Energy,3.64,1.27,0.28,76.69,18.35,29.93,4.54,48.97,3.23,6.94,1.81,1.80
NPKI,NPK International Inc,2026-10-01,Trading Companies & Distributors,1.00,1.52,0.00,23.02,21.41,-2.45,0.00,28.09,14.20,12.06,0.03,1.61
URG,Ur-Energy Inc,2026-10-01,Energy,0.61,1.65,0.00,0.00,0.00,-17.04,0.00,-11.17,-252.34,-110.66,1.03,4.00
LYFT,Lyft Inc,2026-10-01,Road & Rail,5.76,2.09,0.00,2.00,17.88,-25.43,3178.50,10.81,42.32,115.83,0.37,0.59
AOSL,Alpha and Omega Semiconductor Ltd,2026-10-01,Semiconductors,0.87,2.69,0.00,0.00,0.00,-16.13,0.00,-2.48,-6.23,-5.20,0.01,3.44
ARHS,Arhaus Inc,2026-10-01,Retail,1.40,2.31,3.55,20.22,16.64,25.97,-3.37,5.44,4.91,17.23,0.13,1.33
AMTM,Amentum Holdings Inc,2026-10-01,Professional Services,4.52,1.44,0.00,21.72,7.53,-9.62,426.25,11.43,1.44,4.44,0.81,1.52
XMAX,XMax Inc,2026-10-01,Consumer products,0.56,0.00,0.00,18.39,0.00,-42.75,0.00,63.53,185.87,63.40,0.05,28.80
FTAI,FTAI Aviation Ltd,2026-10-01,Aerospace & Defense,17.18,1.58,0.98,34.82,17.06,-4.91,7.72,45.26,15.94,139.57,8.55,5.28
HL,Hecla Mining Co,2026-10-01,Metals & Mining,11.42,1.41,0.09,34.47,19.95,29.14,214.41,51.21,20.84,12.98,0.00,5.20
MRCY,Mercury Systems Inc,2026-10-01,Aerospace & Defense,5.12,0.99,0.00,0.00,47.34,-7.15,0.00,7.85,-3.02,-2.01,0.29,2.96
VLY,Valley National Bancorp,2026-10-01,Banking,6.94,1.15,4.00,10.01,8.96,26.48,48.82,77.67,30.85,8.88,0.14,0.00
MCBS,Metrocity Bankshares Inc,2026-10-01,Banking,1.00,0.67,2.89,12.45,10.81,14.95,11.67,35.39,45.10,15.12,0.00,0.00
FISV,Fiserv Inc,2026-10-01,Financial Services,24.13,0.87,0.00,8.54,5.93,0.37,-12.86,-1.17,13.42,10.77,1.04,1.04
FHN,First Horizon Corp,2026-10-01,Banking,10.92,0.64,3.13,10.15,10.29,3.42,33.62,64.16,28.06,11.68,0.47,0.00
ELF,elf Beauty Inc,2026-10-01,Consumer products,6.14,1.63,0.00,103.76,28.69,-51.70,-41.66,31.23,3.38,5.18,0.71,2.55
BTGO,BitGo Holdings Inc,2026-10-01,Financial Services,0.87,3.34,0.00,0.00,0.00,44.94,0.00,0.00,-0.39,-24.53,1.04,1.07
AFL,Aflac Inc,2026-10-01,Insurance,55.74,0.57,2.14,11.50,15.51,-1.89,110.97,13.64,26.89,16.42,0.29,0.11
RRX,Regal Rexnord Corp,2026-10-01,Electrical Equipment,10.43,1.10,0.91,31.53,12.31,-4.01,28.92,3.50,5.35,4.74,0.67,2.28
IQV,IQVIA Holdings Inc,2026-10-01,Life Sciences Tools & Services,42.91,1.17,0.00,31.20,20.10,22.48,16.80,8.17,8.10,21.95,2.59,0.71
PSIX,Power Solutions International Inc,2026-10-01,Electrical Equipment,1.05,2.12,0.00,15.43,13.14,-0.43,-38.84,13.17,10.03,37.18,0.37,2.57
LB,LandBridge Co LLC,2026-10-01,Real Estate,6.23,0.53,0.00,168.36,37.50,-26.69,91.56,44.09,16.48,11.33,1.51,7.27
GLUE,Monte Rosa Therapeutics Inc,2026-10-01,Biotechnology,0.96,1.37,0.00,0.00,0.00,-19.47,0.00,-83.86,-560.85,-43.31,0.00,10.58
CDNS,Cadence Design Systems Inc,2026-10-01,Technology,96.59,1.10,0.00,69.20,33.18,11.37,36.00,14.70,23.61,22.88,0.36,1.74
ITG,ITG Inc,2026-09-26,Construction,0.51,0.69,0.00,0.00,0.00,43.79,0.00,0.00,0.00,0.00,25.07,2.60
BMY,Bristol-Myers Squibb Co,2026-10-01,Pharmaceuticals,125.55,0.20,6.03,13.54,9.34,33.66,99.29,3.11,18.87,46.76,1.93,1.53
LQDA,Liquidia Corp,2026-10-01,Pharmaceuticals,2.51,0.49,0.00,18.08,14.34,83.21,0.00,2233.65,30.74,149.64,0.90,2.31
AEIS,Advanced Energy Industries Inc,2026-10-01,Electrical Equipment,11.78,1.35,0.13,53.48,19.65,-27.19,142.83,24.58,10.77,15.93,0.87,3.79
EVEX,Eve Holding Inc,2026-10-01,Aerospace & Defense,0.62,1.19,0.00,0.00,0.00,5.46,0.00,0.00,0.00,-221.18,13.53,3.48
UAA,Under Armour Inc,2026-10-01,"Textiles, Apparel & Luxury Goods",1.97,1.63,0.00,0.00,42.50,30.74,0.00,-3.61,-9.99,-32.12,0.41,1.81
AYI,Acuity Inc,2026-10-01,Electrical Equipment,8.96,1.25,0.25,19.21,14.44,20.46,18.78,10.50,10.25,16.85,0.24,2.05
PCTY,Paylocity Holding Corp,2026-10-01,Professional Services,7.78,0.48,0.00,28.04,16.28,1.70,23.04,11.04,15.23,23.44,0.07,1.09
MTG,MGIC Investment Corp,2026-10-01,Financial Services,5.41,0.66,2.50,7.59,8.68,41.96,4.88,-1.88,59.20,13.90,0.13,0.16
VISN,Vistance Networks Inc,2026-10-01,Communications,1.42,2.09,169.35,0.49,7.20,13.78,0.00,-95.31,244.17,163.46,0.00,2.57
MBGL,Mobility Global Inc,2026-10-01,Professional Services,5.22,-0.38,0.00,15.42,0.00,-36.61,0.00,0.00,12.27,0.00,0.20,1.88
J,Jacobs Solutions Inc,2026-10-01,Professional Services,16.36,0.71,0.99,48.19,17.39,-7.47,103.60,60.21,2.38,9.92,1.10,1.29
ARXS,Arxis Inc,2026-10-01,Aerospace & Defense,20.47,2.87,0.00,0.00,46.29,32.09,0.00,0.00,0.00,0.00,0.38,5.21
HBAN,Huntington Bancshares Inc,2026-10-01,Banking,30.69,1.01,3.78,12.76,8.93,37.07,-2.89,58.96,31.21,8.58,0.44,0.00
UNTY,Unity Bancorp Inc,2026-10-01,Banking,0.55,0.66,1.10,9.34,9.29,7.93,16.05,46.80,38.66,16.63,0.03,0.00
VG,Venture Global Inc,2026-10-01,Energy,31.93,-0.07,0.00,8.45,11.41,4.30,119.89,100.72,22.05,45.02,4.91,1.19
SON,Sonoco Products Co,2026-10-01,Packaging,4.80,0.37,4.42,7.59,8.20,-6.58,12.74,12.05,8.41,17.85,1.24,0.99
POOL,Pool Corp,2026-10-01,Distributors,5.84,0.98,3.18,14.63,14.55,7.72,0.40,2.23,7.41,32.26,1.06,2.67
INTA,Intapp Inc,2026-10-01,Technology,2.88,0.34,0.00,0.00,21.51,-30.16,0.00,14.62,-7.15,-10.77,0.00,0.78
GAP,Gap Inc,2026-10-01,Retail,7.98,2.14,3.14,6.36,8.40,-15.40,43.81,1.05,8.14,33.13,0.38,1.82
CALY,Callaway Golf Co,2026-10-01,Leisure Products,2.56,0.99,0.00,28.64,19.24,21.79,0.00,-37.17,3.37,3.97,0.03,3.04
PNTG,Pennant Group Inc,2026-10-01,Health Care,1.35,1.36,0.00,41.47,25.65,46.16,16.02,37.90,2.93,9.51,0.57,1.20
LAD,Lithia Motors Inc,2026-10-01,Retail,6.73,1.32,0.82,8.99,7.66,32.86,-10.61,1.97,1.88,10.92,2.49,1.00
ZION,Zions Bancorporation NA,2026-10-01,Banking,10.14,0.87,2.98,7.80,8.94,4.06,39.17,53.61,25.73,16.14,0.41,0.00
MATW,Matthews International Corp,2026-10-01,Diversified Consumer Services,0.58,1.09,5.68,0.00,21.47,134.59,0.00,-31.82,-2.65,-5.81,1.17,1.76
KMX,Carmax Inc,2026-10-01,Retail,7.93,1.24,0.00,26.47,17.77,59.66,-40.01,4.79,1.06,4.80,2.76,2.33
MRNA,Moderna Inc,2026-10-01,Biotechnology,75.43,1.17,0.00,0.00,0.00,24.97,0.00,-27.62,-141.43,-39.20,0.09,2.29
NWPX,NWPX Infrastructure Inc,2026-10-01,Construction,1.01,1.15,0.00,20.14,20.18,-25.54,49.88,15.09,8.49,12.16,0.02,2.71
CSL,Carlisle Companies Inc,2026-10-01,Building,12.92,0.81,1.44,17.53,14.14,15.05,-2.73,1.90,14.21,41.06,1.78,2.60
PRAX,Praxis Precision Medicines Inc,2026-10-01,Biotechnology,8.01,2.91,0.00,0.00,0.00,26.26,0.00,0.00,-2137.48,-43.02,0.00,15.73
HOPE,Hope Bancorp Inc,2026-10-01,Banking,1.72,0.88,4.21,13.01,9.50,5.47,186.09,57.85,26.53,5.74,0.05,0.00
FCN,FTI Consulting Inc,2026-10-01,Professional Services,3.91,-0.09,0.00,15.61,15.28,30.93,16.28,7.12,6.44,15.61,0.76,2.03
AIT,Applied Industrial Technologies Inc,2026-10-01,Trading Companies & Distributors,12.47,0.85,0.59,29.43,26.99,13.95,8.18,8.84,8.35,22.17,0.14,2.58
CRGY,Crescent Energy Co,2026-10-01,Energy,4.38,0.96,3.20,80.08,5.71,16.47,0.00,24.25,1.27,1.13,1.00,0.94
FUBO,FuboTV Inc,2026-10-01,Media,0.97,2.39,0.00,0.00,0.00,-16.01,0.00,206.41,-0.71,-6.11,0.46,1.00
ACMR,ACM Research Inc,2026-10-01,Semiconductors,5.82,2.19,0.00,39.17,28.28,-6.12,26.61,27.31,14.48,9.48,0.18,3.66
AVA,Avista Corp,2026-10-01,Utilities,2.94,0.21,5.52,12.85,13.12,7.90,23.64,-3.76,12.20,8.29,1.17,1.10
GHM,Graham Corp,2026-10-01,Machinery,1.02,1.12,0.00,85.99,55.28,-23.45,-16.61,21.22,4.53,7.99,0.00,1.23
WSO.B,Watsco Inc,2026-10-01,Trading Companies & Distributors,12.68,1.02,4.00,26.20,24.95,21.10,-11.05,-2.98,6.53,16.76,0.00,3.20
SSMR,Sunshine Silver Mining & Refining Co,2026-10-01,Metals & Mining,2.15,0.01,0.00,0.00,0.00,174.95,0.00,0.00,0.00,0.00,0.00,24.53
SOLS,Solstice Advanced Materials Inc,2026-10-01,Chemicals,9.05,0.18,0.00,43.11,19.75,-26.29,-74.67,-28.16,5.13,10.89,1.53,1.46
QDEL,QuidelOrtho Corp,2026-10-01,Health Care,0.71,0.82,0.00,0.00,9.12,-11.21,0.00,-2.46,-39.20,-55.30,1.63,1.39
ABX,Abacus Global Management Inc,2026-10-01,Insurance,0.77,0.09,2.60,27.37,7.13,48.31,0.00,65.27,10.55,6.54,0.75,0.70
DRI,Darden Restaurants Inc,2026-10-01,"Hotels, Restaurants & Leisure",22.41,0.67,3.19,18.62,18.35,20.43,9.83,8.10,8.85,55.90,1.26,0.30
BJ,BJ's Wholesale Club Holdings Inc,2026-10-01,Retail,11.92,0.14,0.00,20.05,20.00,-16.87,5.10,9.09,2.61,27.35,0.29,0.73
BIO,Bio Rad Laboratories Inc,2026-10-01,Life Sciences Tools & Services,9.55,1.08,0.00,43.79,36.67,-9.22,-29.59,1.37,8.59,3.15,0.17,3.14
INVA,Innoviva Inc,2026-10-01,Pharmaceuticals,1.48,0.39,0.00,4.19,9.19,46.38,1744.60,18.84,81.19,30.03,0.21,16.01
NGVT,Ingevity Corp,2026-10-01,Chemicals,2.44,1.15,0.00,45.51,13.26,21.85,0.00,-12.42,4.65,85.17,25.59,1.61
WD,Walker & Dunlop Inc,2026-10-01,Financial Services,1.68,1.48,7.47,32.43,6.98,36.09,-65.32,8.01,2.99,2.22,1.37,6.84
LCID,Lucid Group Inc,2026-10-01,Automobiles,1.65,0.78,0.00,0.00,0.00,-29.30,0.00,66.54,-249.21,-145.38,1.82,1.14
CHRN,Ekso Bionics Holdings Inc,2026-10-01,Health Care,2.82,1.19,0.00,0.00,0.00,-56.49,0.00,-34.08,-135.66,-177.40,0.67,1.55
ORKA,Oruka Therapeutics Inc,2026-10-01,Biotechnology,5.52,-0.38,0.00,0.00,0.00,12.45,0.00,0.00,-26.27,-20.76,0.00,38.51
MEDP,Medpace Holdings Inc,2026-10-01,Life Sciences Tools & Services,16.69,1.13,0.00,34.07,33.57,-0.72,26.78,24.67,17.67,110.15,0.00,0.73
CLH,Clean Harbors Inc,2026-10-01,Commercial Services & Supplies,16.50,0.87,0.00,37.22,31.80,-8.98,15.82,5.07,7.03,15.64,0.95,2.13
HLT,Hilton Worldwide Holdings Inc,2026-10-01,"Hotels, Restaurants & Leisure",70.99,1.11,0.20,44.99,30.64,-7.32,4.49,8.74,12.69,171.01,73.65,0.65
FPS,"Forgent Power Solutions, Inc",2026-10-01,Electrical Equipment,11.36,1.70,0.00,139.26,27.75,43.49,0.00,0.00,5.76,18.39,1.03,1.54
GDRX,GoodRx Holdings Inc,2026-10-01,Health Care,1.12,1.70,0.00,68.65,10.07,-41.53,-49.41,-1.83,2.07,2.61,0.75,1.38
CVX,Chevron Corp,2026-10-01,Energy,409.18,0.50,3.40,19.78,14.21,34.12,34.62,11.17,9.87,10.98,0.20,1.25
SGMT,Sagimet Biosciences Inc,2026-10-01,Biotechnology,0.58,3.53,0.00,0.00,0.00,49.45,0.00,0.00,0.00,-31.96,0.00,45.02
RSI,Rush Street Interactive Inc,2026-10-01,"Hotels, Restaurants & Leisure",4.62,1.77,0.00,144.87,32.19,73.53,90.01,34.29,2.33,20.44,0.02,2.12
MZTI,Marzetti Co,2026-10-01,Food Products,2.72,0.38,4.06,14.00,15.12,31.70,14.84,1.08,9.93,18.47,0.19,1.56
GDOT,Green Dot Corp,2026-10-01,Financial Services,0.70,0.93,0.00,0.00,8.59,24.64,0.00,17.73,-1.14,-2.82,5.01,0.45
AGIO,Agios Pharmaceuticals Inc,2026-10-01,Biotechnology,1.94,0.65,0.00,0.00,0.00,3.16,0.00,140.58,-418.24,-35.67,0.00,10.22
SSB,SouthState Bank Corp,2026-10-01,Banking,9.76,0.79,2.51,10.03,10.12,-8.35,41.63,49.54,29.85,10.49,0.14,0.00
ACHR,Archer Aviation Inc,2026-10-01,Aerospace & Defense,3.87,3.63,0.00,0.00,0.00,-31.91,0.00,0.00,0.00,-40.86,0.04,10.21
SANA,Sana Biotechnology Inc,2026-10-01,Biotechnology,0.87,2.32,0.00,0.00,0.00,13.70,0.00,0.00,0.00,-134.49,0.00,1.38
BUSE,First Busey Corp,2026-10-01,Banking,2.43,0.76,4.52,10.34,10.82,22.79,133.62,37.92,28.94,9.51,0.14,0.00
BWA,Borgwarner Inc,2026-10-01,Auto Components,12.30,1.20,1.14,29.55,10.63,15.93,115.38,2.16,2.89,7.37,0.69,2.13
PHM,Pultegroup Inc,2026-10-01,Consumer products,21.81,1.19,0.89,11.16,11.16,14.13,-26.81,-7.28,11.62,14.73,0.18,5.06
SYY,Sysco Corp,2026-10-01,Retail,38.26,0.68,2.73,21.65,15.38,38.18,-2.12,3.91,2.08,75.42,5.07,1.28
GSHD,Goosehead Insurance Inc,2026-10-01,Insurance,1.67,1.55,0.19,47.39,17.94,28.39,18.07,17.74,8.78,58.13,2.10,0.16
OXY,Occidental Petroleum Corp,2026-10-01,Energy,57.82,0.21,2.89,7.88,11.75,9.01,195.82,1.53,33.47,18.97,0.33,1.41
GEN,Gen Digital Inc,2026-10-01,Technology,13.32,1.33,2.34,12.63,8.80,143.97,79.70,20.16,20.73,41.89,3.07,0.47
SUNC,SunocoCorp LLC,2026-10-01,Energy,3.90,-0.79,0.00,35.45,7.60,5.05,47.50,-18.82,7.43,4.25,5.38,1.40
IRMD,IRadimed Corp,2026-10-01,Health Care,1.09,0.91,1.44,47.82,38.40,15.62,11.16,11.21,26.70,23.45,0.00,9.46
PLPC,Preformed Line Products Co,2026-10-01,Electrical Equipment,1.99,0.93,0.21,46.40,30.65,-19.24,3.60,17.07,5.82,9.03,0.09,2.99
OBX,"Obsidian Therapeutics, Inc",2026-10-01,Biotechnology,0.82,5.88,0.00,0.00,0.00,137.20,0.00,0.00,0.00,0.00,0.00,0.00
GTLB,GitLab Inc,2026-10-01,Technology,8.32,0.98,0.00,0.00,50.44,-21.74,0.00,22.99,-4.99,-5.51,0.00,2.41
INCY,Incyte Corp,2026-10-01,Biotechnology,23.74,0.78,0.00,14.94,17.38,-2.42,80.31,26.93,27.71,29.60,0.01,4.59
JBLU,JetBlue Airways Corp,2026-10-01,Airlines,1.57,1.85,0.00,0.00,0.00,-36.60,0.00,3.99,-9.32,-45.51,5.34,0.70
PG,Procter & Gamble Co,2026-10-01,Consumer products,334.35,0.38,3.06,20.86,20.97,-14.27,1.72,3.26,18.43,29.83,0.63,0.68
IT,Gartner Inc,2026-10-01,Technology,12.18,0.97,0.00,16.27,13.33,-27.14,-31.45,0.68,12.00,119.82,47.06,0.88
HQY,Healthequity Inc,2026-10-01,Health Care,7.39,0.24,0.00,30.94,17.60,12.89,67.55,7.34,17.36,11.43,0.47,2.99
SPXC,SPX Technologies Inc,2026-10-01,Machinery,8.50,1.26,0.00,30.50,20.21,10.36,24.57,20.63,11.26,12.37,0.26,1.82
LEGH,Legacy Housing Corporation,2026-10-01,Consumer products,0.69,0.79,0.00,13.53,12.64,-16.06,-4.13,-2.62,28.56,9.53,0.00,3.56
NSSC,NAPCO Security Technologies Inc,2026-10-01,Electrical Equipment,1.29,1.52,1.61,29.44,21.60,-14.24,0.83,11.39,21.27,23.59,0.00,4.90
OSK,Oshkosh Corp,2026-10-01,Machinery,8.08,1.29,1.71,14.23,10.60,19.53,-12.33,1.93,5.24,12.32,0.24,1.72
CCBG,Capital City Bank Group Inc,2026-10-01,Banking,0.84,0.36,2.22,13.25,13.57,4.87,6.02,52.01,21.41,11.11,0.14,0.00
RBRK,Rubrik Inc,2026-10-01,Technology,23.92,2.10,0.00,0.00,229.31,-14.18,0.00,42.45,-16.50,0.00,0.00,1.64
GPOR,Gulfport Energy Corp,2026-10-01,Energy,2.71,0.59,0.03,5.46,6.55,-8.52,0.00,35.16,32.28,27.20,0.50,0.58
HMH,HMH Holding Inc,2026-10-01,Energy,0.76,-0.93,0.00,19.83,9.28,-2.09,0.00,0.00,5.09,6.75,0.94,2.97
BBSI,Barrett Business Services Inc,2026-10-01,Professional Services,0.76,0.95,1.07,21.27,17.42,9.81,-33.41,5.59,2.77,15.76,0.00,1.14
BHF,Brighthouse Financial Inc,2026-10-01,Insurance,2.88,0.81,3.54,3.46,2.47,51.39,32.48,2.62,12.49,13.17,0.48,0.00
SLDP,Solid Power Inc,2026-10-01,Auto Components,0.54,1.98,0.00,0.00,0.00,-18.25,0.00,-51.49,-485.47,-19.67,0.00,14.61
INDV,"Indivior Pharmaceuticals, Inc",2026-10-01,Pharmaceuticals,4.18,0.50,0.00,11.76,12.26,0.39,237.50,13.55,26.65,159.06,27.90,0.84
RHI,Robert Half Inc,2026-10-01,Professional Services,3.87,0.79,6.16,33.70,21.28,-22.58,-34.43,-4.95,2.17,9.18,0.00,1.47
TXNM,TXNM Energy Inc,2026-10-01,Utilities,6.45,0.18,2.82,32.61,18.62,41.62,-7.27,9.97,8.79,5.66,1.67,0.56
ZYME,Zymeworks Inc,2026-10-01,Biotechnology,1.63,1.34,0.00,0.00,22.84,46.86,0.00,-61.23,-404.00,-72.07,3.14,6.32
CASY,Caseys General Stores Inc,2026-10-01,Retail,22.90,0.60,0.38,29.30,26.32,31.41,33.36,13.78,4.14,19.68,0.59,1.02
AVO,Mission Produce Inc,2026-10-01,Food Products,1.12,0.44,0.00,702.52,16.68,-18.32,-93.95,-6.18,0.12,0.25,0.57,1.92
RYZ,Ryerson Holding Corp,2026-10-01,Metals & Mining,1.27,1.58,2.58,0.00,11.82,9.91,0.00,31.54,-0.56,-3.18,0.74,2.21
MATV,Mativ Holdings Inc,2026-10-01,Chemicals,0.64,0.94,3.61,6.92,10.93,-9.74,0.00,1.06,4.50,19.47,2.10,1.98
F,Ford Motor Co,2026-10-01,Automobiles,48.93,1.91,5.01,0.00,6.88,-5.60,0.00,1.47,-3.93,-18.90,4.51,1.09
AGBK,Primo Brands Corp,2026-10-01,Beverages,11.58,-0.25,0.00,38.43,0.00,-95.83,118.57,-17.77,13.63,17.67,0.87,2.34
UBER,Uber Technologies Inc,2026-10-01,Road & Rail,138.65,1.33,0.00,14.48,20.18,-11.52,-22.80,16.68,17.34,35.73,0.47,0.84
MRVL,Marvell Technology Inc,2026-10-01,Semiconductors,235.08,2.28,0.09,89.05,44.99,-50.81,0.00,30.62,27.93,16.22,0.27,3.17
LOW,Lowe's Companies Inc,2026-10-01,Retail,102.33,0.83,2.66,15.21,15.40,16.07,-2.74,8.16,7.35,264.53,52.23,1.10
COUR,Coursera Inc,2026-10-01,Diversified Consumer Services,1.34,1.23,0.00,0.00,8.03,30.81,0.00,22.69,-15.39,-17.74,0.00,1.59
TFSL,TFS Financial Corp,2026-10-01,Banking,4.61,0.76,1.32,44.51,43.28,-15.03,22.52,49.49,24.67,5.32,0.00,0.00
AMAT,Applied Materials Inc,2026-10-01,Semiconductors,420.05,1.62,0.36,45.10,26.13,-18.73,38.36,7.77,30.05,40.44,0.26,2.42
POR,Portland General Electric Co,2026-10-01,Utilities,5.26,0.51,4.58,20.07,13.41,66.35,-16.95,-0.28,7.34,6.30,1.26,0.98
RLAY,Relay Therapeutics Inc,2026-10-01,Biotechnology,4.05,1.72,0.00,0.00,0.00,16.58,0.00,23.86,-2047.23,-42.27,0.00,18.27
SEPN,Septerna Inc,2026-10-01,Pharmaceuticals,1.78,0.79,0.00,0.00,0.00,-11.46,0.00,13520.11,-24.51,-6.31,0.00,4.99
MLYS,Mineralys Therapeutics Inc,2026-10-01,Biotechnology,2.10,0.62,0.00,0.00,0.00,15.52,0.00,0.00,0.00,-57.97,0.18,34.46
FRHC,Freedom Holding Corp,2026-10-01,Financial Services,11.06,0.72,0.00,71.30,0.00,-38.15,94.72,7.08,6.92,10.96,1.77,0.59
TALO,Talos Energy Inc,2026-10-01,Energy,2.78,0.51,0.00,0.00,12.78,10.20,0.00,2.44,-20.46,-19.16,0.65,1.61
R,Ryder System Inc,2026-10-01,Road & Rail,8.86,1.10,1.69,17.63,14.06,-22.42,4.74,1.12,3.87,16.70,2.59,0.65
PB,"Prosperity Bancshares, Inc",2026-10-01,Banking,8.03,0.69,2.93,14.06,10.04,37.14,5.19,32.39,40.86,7.07,0.03,0.00
IOSP,Innospec Inc,2026-10-01,Chemicals,2.34,0.89,1.92,19.02,16.92,46.24,549.32,2.87,6.60,9.15,0.00,2.78
PBH,Prestige Consumer Healthcare Inc,2026-10-01,Pharmaceuticals,2.12,0.32,0.00,12.43,9.77,19.28,-16.21,-1.36,15.57,9.22,1.06,3.23
BDX,Becton Dickinson and Co,2026-10-01,Health Care,48.50,0.24,2.41,51.53,13.82,-4.23,-40.40,-2.56,4.52,3.80,0.69,0.87
GNW,Genworth Financial Inc,2026-10-01,Insurance,3.52,0.89,0.00,16.31,8.44,33.78,19.05,1.56,2.91,2.42,0.17,0.00
VSEC,VSE Corp,2026-10-01,Aerospace & Defense,4.62,1.27,0.20,61.58,24.99,0.03,174.82,23.35,5.53,3.74,0.32,3.77
KNF,Knife River Corp,2026-10-01,Construction,2.87,0.59,0.00,20.46,18.26,67.96,-8.69,12.13,4.23,8.72,1.01,2.66
NTCT,Netscout Systems Inc,2026-10-01,Communications,2.93,0.72,0.00,23.92,13.98,10.12,63.10,5.79,13.71,7.42,0.00,1.83
PYPL,PayPal Holdings Inc,2026-10-01,Financial Services,45.39,1.36,0.00,9.30,9.32,-7.10,13.49,5.69,14.36,24.42,0.68,1.29
BLKB,Blackbaud Inc,2026-10-01,Technology,1.93,1.08,0.00,12.79,7.30,-25.12,0.00,0.63,13.12,204.43,17.16,0.83
CACI,CACI International Inc,2026-10-01,Professional Services,13.86,0.57,0.00,25.86,19.18,-8.06,8.11,10.89,5.60,12.68,1.10,1.48
SFBS,ServisFirst Bancshares Inc,2026-10-01,Banking,4.34,0.93,1.79,13.63,10.93,37.41,28.35,51.50,50.36,17.06,0.82,0.00
ASO,Academy Sports and Outdoors Inc,2026-10-01,Retail,2.95,0.97,1.23,7.44,7.13,-10.35,12.46,3.68,6.39,18.38,0.23,1.74
LNC,Lincoln National Corp,2026-10-01,Insurance,7.61,1.17,5.76,3.20,4.81,5.44,92.19,12.90,11.49,21.99,0.60,0.00
AVAV,AeroVironment Inc,2026-10-01,Aerospace & Defense,7.13,1.41,0.00,0.00,41.84,-18.90,0.00,84.44,-10.13,-4.64,0.17,4.26
DGX,Quest Diagnostics Inc,2026-10-01,Health Care,25.51,0.56,1.42,24.11,19.89,33.28,13.01,9.87,9.19,14.49,0.75,1.59
IDCC,InterDigital Inc,2026-10-01,Technology,8.77,1.51,0.82,28.25,36.42,-21.28,-38.23,-11.66,38.32,26.82,0.32,1.74
SCCO,Southern Copper Corp,2026-10-01,Metals & Mining,168.21,1.14,1.80,29.59,28.17,-18.17,50.42,32.80,35.87,49.34,0.63,5.06
MMSI,Merit Medical Systems Inc,2026-10-01,Health Care,5.14,0.57,0.00,35.34,19.34,-27.37,23.26,10.19,9.22,9.07,0.44,4.20
LGND,Ligand Pharmaceuticals Inc,2026-10-01,Pharmaceuticals,6.04,1.22,0.00,31.42,26.65,-4.06,0.00,54.89,67.88,20.06,1.16,31.18
HLIT,Harmonic Inc,2026-10-01,Communications,1.17,1.37,0.00,0.00,14.23,-36.46,0.00,-28.05,-9.51,-12.23,0.31,3.05
OII,Oceaneering International Inc,2026-10-01,Energy,4.42,1.31,0.00,12.53,21.64,-2.93,75.21,3.84,12.19,32.95,0.42,2.18
WAFD,WaFd Inc,2026-10-01,Banking,2.25,0.90,4.31,8.65,9.41,98.05,20.15,56.52,34.67,8.50,0.02,0.00
WING,Wingstop Inc,2026-10-01,"Hotels, Restaurants & Leisure",3.66,1.84,1.15,24.88,20.05,14.23,-29.62,7.61,16.15,18.08,0.00,2.97
PRM,Perimeter Solutions Inc,2026-10-01,Chemicals,4.45,1.93,0.00,0.00,17.60,3.33,0.00,24.25,-44.86,-30.38,1.31,1.57
TDOC,Teladoc Health Inc,2026-10-01,Health Care,1.03,2.10,0.00,0.00,0.00,-22.05,0.00,-2.08,-7.13,-13.08,0.76,0.83
NCDL,Nuveen Churchill Direct Lending Corp,2026-10-01,Financial Services,0.55,0.69,0.00,11.85,7.80,48.29,-47.87,-14.44,24.44,5.40,1.28,0.92
TROX,Tronox Holdings PLC,2026-10-01,Chemicals,0.61,0.96,7.18,0.00,0.00,-11.12,0.00,3.66,-17.96,-40.45,2.78,2.55
GRDN,Guardian Pharmacy Services Inc,2026-10-01,Health Care,2.59,0.46,0.00,39.19,31.38,71.35,0.00,10.31,4.50,30.80,0.00,1.65
GMRS,GMR Solutions Inc,2026-10-01,Health Care,0.51,1.16,0.00,0.00,5.45,73.65,0.00,0.00,0.00,0.00,0.00,0.00
PSKY,Paramount Skydance Corp,2026-10-01,Media,10.48,1.64,2.27,0.00,14.28,176.85,0.00,1.23,-2.13,-5.27,1.29,1.04
FBNC,First Bancorp (North Carolina),2026-10-01,Banking,2.55,0.83,1.55,18.70,12.81,24.15,37.02,40.50,27.80,8.01,0.04,0.00
BSX,Boston Scientific Corp,2026-10-01,Health Care,62.65,0.61,0.00,17.12,13.23,0.99,46.78,13.53,17.50,14.94,0.51,1.24
DAL,Delta Air Lines Inc,2026-10-01,Airlines,55.33,1.44,0.91,13.87,10.61,31.23,-12.71,10.28,5.79,19.33,0.64,0.42
OI,"O-i Glass, Inc",2026-10-01,Packaging,0.87,0.74,0.00,0.00,10.30,23.46,0.00,-1.85,-18.13,-107.76,13.02,1.26
PRLB,Proto Labs Inc,2026-10-01,Machinery,2.26,1.49,0.00,74.45,42.62,34.09,108.49,10.20,5.44,4.49,0.00,3.64
OTTR,Otter Tail Corp,2026-10-01,Utilities,3.71,0.43,2.49,19.02,16.29,20.91,-31.88,4.89,33.90,10.43,0.67,1.71
ALSN,Allison Transmission Holdings Inc,2026-10-01,Machinery,9.60,1.06,1.00,17.68,10.58,-6.44,-28.50,37.56,12.02,27.88,2.08,1.81
DKNG,Draftkings Inc,2026-10-01,"Hotels, Restaurants & Leisure",9.61,1.70,0.00,0.00,31.31,39.92,0.00,15.03,-2.68,-26.30,3.22,1.02
HIPO,Hippo Holdings Inc,2026-10-01,Insurance,0.83,1.67,0.00,6.86,34.34,34.33,0.00,19.34,23.92,27.38,0.10,3.54
M,Macy's Inc,2026-10-01,Retail,5.94,1.42,3.29,8.03,9.68,-1.59,55.51,0.34,3.29,15.83,0.49,1.59
ATR,Aptargroup Inc,2026-10-01,Packaging,7.69,0.35,1.60,21.17,20.57,6.10,-4.40,8.93,9.22,13.56,0.52,1.61
ADI,Analog Devices Inc,2026-10-01,Semiconductors,196.06,1.27,1.06,46.39,24.01,-20.77,114.38,33.65,29.79,12.26,0.27,1.25
TPL,Texas Pacific Land Corp,2026-10-01,Energy,23.21,0.62,0.69,42.25,35.44,19.51,17.29,20.82,60.32,35.77,0.00,4.55
BAH,Booz Allen Hamilton Holding Corp,2026-10-01,Professional Services,8.48,0.34,3.34,10.73,11.59,-24.87,-32.36,-7.27,7.01,71.90,3.27,1.59
UNP,Union Pacific Corp,2026-10-01,Road & Rail,161.84,0.88,2.04,21.96,19.79,6.74,7.27,4.17,28.85,38.65,1.47,0.99
GEV,GE Vernova Inc,2026-10-01,Electrical Equipment,262.99,0.97,0.16,26.57,37.44,-16.61,744.44,12.98,23.03,83.39,0.23,0.85
SFD,Smithfield Foods Inc,2026-10-01,Food Products,7.32,-0.05,6.08,6.92,8.96,53.45,-24.59,-28.69,6.84,15.60,0.29,2.56
CCNE,CNB Financial Corp,2026-10-01,Banking,1.00,0.62,2.68,10.18,9.20,-4.28,25.99,40.13,26.49,10.93,0.26,0.00
APPN,Appian Corp,2026-10-01,Technology,2.71,0.92,0.00,0.00,27.96,-10.85,0.00,20.90,-1.34,-140.51,3.95,1.00
PFLT,PennantPark Floating Rate Capital Ltd,2026-10-01,Financial Services,0.69,0.80,17.80,13.64,6.71,-33.00,-39.37,9.33,18.53,4.82,1.55,3.09
GXO,GXO Logistics Inc,2026-10-01,Logistics & Transportation,5.27,1.57,0.00,40.24,15.15,-10.40,114.04,7.55,0.96,4.40,1.07,0.79
TXT,Textron Inc,2026-10-01,Aerospace & Defense,13.27,0.91,0.14,13.90,11.06,22.78,19.89,8.80,6.12,11.93,0.47,1.75
CERT,Certara Inc,2026-10-01,Health Care,1.42,1.33,0.00,0.00,23.40,-16.52,0.00,0.66,-16.75,-6.66,0.30,2.55
CVBF,CVB Financial Corp,2026-10-01,Banking,3.87,0.71,2.89,18.31,12.22,14.95,-0.90,24.01,42.80,8.22,0.19,0.00
KFRC,Kforce Inc,2026-10-01,Professional Services,0.97,0.92,2.79,26.57,17.74,5.79,-11.51,30.34,2.71,29.32,0.87,1.93
ITGR,Integer Holdings Corp,2026-10-01,Health Care,4.30,0.61,0.00,33.48,20.54,1.70,62.00,2.71,6.97,7.43,0.75,3.73
HZO,MarineMax Inc,2026-10-01,Retail,1.16,1.73,0.00,289.94,73.55,21.47,0.00,-5.36,0.18,0.42,1.02,1.23
PFE,Pfizer Inc,2026-10-01,Pharmaceuticals,160.27,0.28,6.08,37.17,9.58,-11.71,-59.91,-0.22,6.80,4.89,0.74,1.27
ROAD,Construction Partners Inc,2026-10-01,Construction,5.12,0.96,0.00,35.93,25.08,-10.43,87.55,41.92,4.10,14.61,1.72,1.57
MAN,ManpowerGroup Inc,2026-10-01,Professional Services,2.62,0.76,2.51,25.60,12.77,-25.84,0.00,6.72,0.56,5.06,0.50,1.04
MANE,Veradermics Inc,2026-10-01,Pharmaceuticals,4.90,-0.07,0.00,0.00,0.00,27.26,0.00,0.00,0.00,-35.49,0.00,70.53
SNA,Snap-On Inc,2026-10-01,Machinery,19.02,0.75,4.95,18.16,17.74,0.17,4.12,4.97,19.33,17.25,0.20,3.43
JKHY,Jack Henry & Associates Inc,2026-10-01,Financial Services,10.08,0.58,1.69,20.10,19.82,-15.84,11.76,7.12,19.76,23.49,0.02,1.17
ORI,Old Republic International Corp,2026-10-01,Insurance,9.05,0.56,10.12,7.91,12.21,27.93,29.23,10.83,11.98,18.72,0.38,0.38
KARD,Kardigan Inc,2026-10-01,Pharmaceuticals,1.33,0.26,0.00,0.00,0.00,115.10,0.00,0.00,0.00,0.00,0.00,8.72
MDB,MongoDB Inc,2026-10-01,Technology,28.33,1.75,0.00,484.22,58.07,93.84,0.00,25.45,2.12,2.00,0.01,4.87
NVST,Envista Holdings Corp,2026-10-01,Health Care,3.72,0.95,0.00,39.05,15.11,19.04,83.64,11.89,3.33,3.08,0.47,2.43
ANGX,Angel Studios Inc,2026-10-01,Media,0.79,0.04,0.00,0.00,0.00,56.85,0.00,0.00,-37.45,0.00,1.61,0.65
HUM,Humana Inc,2026-10-01,Health Care,45.59,0.69,0.94,35.67,25.49,-1.21,-18.96,18.33,0.88,6.92,0.74,0.01
FRSH,Freshworks Inc,2026-10-01,Technology,3.43,0.84,0.00,18.53,15.85,-62.56,0.00,15.57,20.49,19.50,0.00,1.69
HAS,Hasbro Inc,2026-10-01,Leisure Products,12.69,0.43,3.21,15.45,13.55,-0.32,0.00,16.99,15.97,138.20,5.02,1.66
BLK,BlackRock Inc,2026-10-01,Financial Services,172.93,1.42,2.10,26.15,17.15,-18.93,-3.67,26.54,24.09,11.65,0.22,2.39
AESI,Atlas Energy Solutions Inc,2026-10-01,Energy,1.46,1.17,8.21,0.00,0.00,32.19,0.00,-8.11,-11.08,-10.04,0.92,1.82
RAMP,Liveramp Holdings Inc,2026-10-01,Technology,2.29,1.24,0.00,14.72,11.95,11.47,1035.52,8.85,18.71,16.16,0.00,2.66
AMN,AMN Healthcare Services Inc,2026-10-01,Health Care,1.39,0.48,0.00,13.39,10.91,-27.79,0.00,23.99,3.05,15.31,1.00,1.13
TDW,Tidewater Inc,2026-10-01,Energy,4.09,0.64,0.00,16.57,28.61,-21.08,28.06,-1.02,18.34,18.74,0.47,3.58
GIII,G-III Apparel Group Ltd,2026-10-01,"Textiles, Apparel & Luxury Goods",1.18,1.34,0.00,8.54,12.06,14.92,-24.21,-8.74,4.75,7.53,0.00,2.70
NXST,Nexstar Media Group Inc,2026-10-01,Media,4.89,0.98,4.63,25.95,7.05,13.80,-70.42,10.53,3.20,8.56,5.18,1.56
EQT,EQT Corp,2026-10-01,Energy,31.33,0.71,1.32,11.42,12.68,28.52,134.00,30.17,28.61,11.15,0.22,0.67
POWL,Powell Industries Inc,2026-10-01,Electrical Equipment,6.94,1.24,0.19,35.79,28.09,-27.14,-8.63,7.04,16.49,27.51,0.00,1.97
OLMA,Olema Pharmaceuticals Inc,2026-10-01,Biotechnology,0.72,2.08,0.00,0.00,0.00,10.90,0.00,0.00,0.00,-48.22,0.01,8.86
U,Unity Software Inc,2026-10-01,Technology,19.19,2.07,0.00,0.00,0.00,25.49,0.00,13.98,-28.97,-18.88,0.74,2.03
LOAR,Loar Holdings Inc,2026-10-01,Aerospace & Defense,5.80,1.36,0.00,84.76,45.19,15.56,52.08,29.76,11.60,5.77,0.79,4.91
NGVC,Natural Grocers by Vitamin Cottage Inc,2026-10-01,Retail,0.70,1.25,1.87,14.73,13.47,14.37,9.09,2.01,3.55,21.11,0.20,1.10
HGV,Hilton Grand Vacations Inc,2026-10-01,"Hotels, Restaurants & Leisure",2.71,1.66,0.00,17.99,7.18,17.41,205.47,5.44,2.86,12.15,7.05,2.51
APG,APi Group Corp,2026-10-01,Construction,17.45,1.61,0.00,50.54,23.21,15.22,36.40,14.09,4.10,10.11,1.09,1.39
NKTR,Nektar Therapeutics,2026-10-01,Pharmaceuticals,1.60,1.37,0.00,0.00,0.00,97.02,0.00,-27.15,-284.39,-37.54,0.06,10.42
IBCP,Independent Bank Corp,2026-10-01,Banking,0.79,0.74,2.87,10.84,9.43,18.40,12.15,46.05,28.82,14.12,0.08,0.00
OC,Owens Corning,2026-10-01,Building,9.26,1.32,2.68,0.00,11.09,0.98,0.00,-11.79,-6.81,-17.13,1.38,1.16
LXU,LSB Industries Inc,2026-10-01,Chemicals,0.70,0.42,0.00,18.81,16.33,2.28,0.00,22.12,5.58,6.98,0.83,2.43
WK,Workiva Inc,2026-10-01,Technology,3.29,0.50,0.00,75.37,20.44,21.93,0.00,19.67,4.87,-3422.54,1778.50,1.47
SLAB,Silicon Laboratories Inc,2026-10-01,Semiconductors,7.42,1.20,0.00,0.00,55.64,-20.48,0.00,21.71,-4.57,-3.59,0.00,5.41
FPH,Five Point Holdings LLC,2026-10-01,Real Estate,0.50,1.42,0.00,9.57,0.00,21.73,-4.08,-40.80,45.34,6.35,0.54,9.92
MGY,Magnolia Oil & Gas Corp,2026-10-01,Energy,5.70,0.76,2.05,13.38,7.68,12.12,19.04,11.35,28.77,21.10,0.18,1.58
EIX,Edison International,2026-10-01,Utilities,20.70,0.58,6.72,5.23,8.60,35.33,37.40,10.76,20.30,22.66,2.42,0.66
IIIN,Insteel Industries Inc,2026-10-01,Building,0.56,0.52,3.87,15.43,12.87,-47.19,16.75,17.06,5.14,9.92,0.00,3.57
FRVO,Fervo Energy Co,2026-10-01,Utilities,4.26,1.41,0.00,0.00,0.00,71.95,0.00,0.00,0.00,0.00,0.08,8.62
LRCX,Lam Research Corp,2026-10-01,Semiconductors,425.61,1.94,0.30,57.98,31.43,-4.73,38.62,26.02,31.27,66.97,0.30,2.63
LAZ,Lazard Inc,2026-10-01,Financial Services,3.55,1.49,5.42,15.52,10.58,23.79,-28.70,6.37,6.85,25.88,2.37,1.72
DOCN,DigitalOcean Holdings Inc,2026-10-01,Technology,16.44,1.65,0.00,69.88,95.69,0.31,70.60,21.41,23.27,5.63,1.61,1.31
NTGR,NETGEAR Inc,2026-10-01,Communications,0.62,1.22,0.00,0.00,51.58,-5.85,0.00,-0.50,-3.71,-5.33,0.00,2.48
CXM,Sprinklr Inc,2026-10-01,Technology,1.21,0.77,0.00,52.34,10.93,-13.84,-78.67,6.35,2.65,4.29,0.00,1.55
PUBM,PubMatic Inc,2026-10-01,Media,0.87,1.60,0.00,0.00,204.16,37.30,0.00,-1.04,-4.66,-5.41,0.00,1.27
JBHT,J B Hunt Transport Services Inc,2026-10-01,Road & Rail,21.34,1.28,0.81,31.04,25.34,22.85,28.19,5.28,5.31,18.75,0.31,1.26
SIBN,SI-BONE Inc,2026-10-01,Health Care,0.83,0.67,0.00,0.00,0.00,11.47,0.00,15.30,-6.85,-8.23,0.20,9.15
WWW,Wolverine World Wide Inc,2026-10-01,"Textiles, Apparel & Luxury Goods",1.64,1.71,2.13,14.58,11.09,-26.25,23.17,7.16,5.55,26.26,1.34,1.55
BLFS,BioLife Solutions Inc,2026-10-01,Life Sciences Tools & Services,1.80,1.77,0.00,32.78,90.14,-11.51,0.00,34.39,56.39,15.28,0.00,9.69
AURA,Aura Biosciences Inc,2026-10-01,Biotechnology,0.63,0.42,0.00,0.00,0.00,62.74,0.00,0.00,0.00,-73.18,0.00,16.82
EME,EMCOR Group Inc,2026-10-01,Construction,33.92,1.16,0.17,23.31,21.04,-1.73,33.41,18.92,7.74,38.49,0.00,1.28
AMPL,Amplitude Inc,2026-10-01,Technology,1.79,1.36,0.00,0.00,90.92,-34.68,0.00,18.26,-26.59,-46.24,0.00,1.05
GEMI,Gemini Space Station Inc,2026-10-01,Financial Services,0.66,1.62,0.00,0.00,0.00,79.18,0.00,51.49,-250.13,-97.61,1.03,1.30
REGN,Regeneron Pharmaceuticals Inc,2026-10-01,Biotechnology,75.65,0.14,0.49,17.98,13.38,5.71,1.88,9.29,27.86,13.81,0.09,3.34
GFS,GlobalFoundries Inc,2026-10-01,Semiconductors,26.71,1.78,0.00,37.31,20.04,-4.43,0.00,1.40,10.32,6.07,0.14,2.48
CLOV,Clover Health Investments Corp,2026-10-01,Health Care,2.25,2.58,0.00,0.00,52.08,-36.88,0.00,54.03,-0.74,-5.38,0.00,1.50
LWLG,Lightwave Logic Inc,2026-10-01,Electrical Equipment,0.84,2.46,0.00,0.00,0.00,-19.05,0.00,165.19,-9134.09,-30.34,0.00,62.84
SPHR,Sphere Entertainment Co,2026-10-01,Media,4.62,1.70,0.00,0.00,0.00,-20.30,0.00,23.41,-5.18,-3.17,0.35,1.22
ATEX,Anterix Inc,2026-10-01,Telecommunication,1.62,0.90,0.00,24.83,0.00,-29.69,123.67,18.86,933.04,25.65,0.00,4.85
CVLT,Commvault Systems Inc,2026-10-01,Technology,6.12,0.92,0.00,91.07,25.26,-4.40,-12.63,15.47,5.62,56.13,16.94,2.04
ECG,Everus Construction Group Inc,2026-10-01,Construction,6.11,0.82,0.00,23.58,22.57,-27.40,53.33,30.53,5.96,38.22,0.35,1.59
DXCM,Dexcom Inc,2026-10-01,Health Care,32.54,1.45,0.00,33.08,29.84,-5.42,79.40,15.54,20.12,36.19,0.49,1.73
WT,WisdomTree Inc,2026-10-01,Financial Services,2.88,1.18,0.48,44.60,18.35,-2.70,8.10,37.14,13.27,19.25,2.60,3.00
HP,Helmerich and Payne Inc,2026-10-01,Energy,3.82,0.67,2.66,0.00,29.14,-4.10,0.00,16.57,-3.43,-5.25,0.72,1.96
WNC,Wabash National Corp,2026-10-01,Machinery,0.51,1.50,2.55,0.00,0.00,-18.15,0.00,-17.26,-5.48,-22.31,1.75,1.31
RGEN,Repligen Corp,2026-10-01,Life Sciences Tools & Services,10.00,1.13,0.00,251.17,75.29,9.63,0.00,16.49,5.29,1.98,0.26,9.05
MLR,Miller Industries Inc,2026-10-01,Machinery,0.60,1.15,1.57,41.66,21.27,5.02,-65.46,-20.95,1.86,3.41,0.01,2.46
BIO.B,Bio Rad Laboratories Inc,2026-10-01,Life Sciences Tools & Services,9.55,1.08,0.00,43.79,36.67,-9.22,-29.59,1.37,8.59,3.15,0.17,3.14
EQBK,Equity Bancshares Inc,2026-10-01,Banking,0.98,0.84,1.38,27.03,9.38,-9.98,-58.81,34.29,24.58,4.64,0.17,0.00
INDB,Independent Bank Corp (Massachusetts),2026-10-01,Banking,3.73,0.79,3.13,13.50,10.10,16.07,25.08,32.17,34.69,7.66,0.14,0.00
HASI,HA Sustainable Infrastructure Capital Inc,2026-10-01,Financial Services,4.63,1.42,4.78,53.43,11.57,14.34,-63.47,26.51,18.61,3.39,2.29,7.37
SATL,Satellogic Inc,2026-10-01,Aerospace & Defense,0.83,1.44,0.00,0.00,0.00,-1.57,0.00,130.07,-325.65,22.10,2.65,2.34
SFST,Southern First Bancshares Inc,2026-10-01,Banking,0.57,0.74,0.00,13.97,10.62,-17.07,72.13,53.12,16.04,10.18,0.03,0.00
GWRE,Guidewire Software Inc,2026-10-01,Technology,12.74,1.04,0.00,83.93,37.08,-24.59,104.62,22.70,9.44,10.03,0.57,1.79
GCMG,GCM Grosvenor Inc,2026-10-01,Financial Services,2.65,0.93,4.52,59.60,12.95,18.74,56.32,17.77,7.79,-4.25,14.29,1.07
RES,RPC Inc,2026-10-01,Energy,1.27,0.85,2.79,55.63,21.58,42.33,-58.18,25.36,1.28,2.07,0.03,3.34
CPAY,Corpay Inc,2026-10-01,Financial Services,25.59,0.97,0.00,22.37,14.23,-6.24,12.37,20.36,22.72,30.40,3.00,0.97
CMI,Cummins Inc,2026-10-01,Machinery,71.17,1.25,1.56,26.07,15.84,7.94,-7.98,2.93,7.82,21.89,0.60,1.73
RNG,RingCentral Inc,2026-10-01,Technology,6.54,1.09,0.00,56.58,14.68,0.91,0.00,5.22,4.27,-231.74,10.11,1.11
GNK,Genco Shipping & Trading Ltd,2026-10-01,Marine,1.19,1.05,4.29,29.33,10.12,13.25,161.65,25.64,9.15,4.53,0.36,2.97
RJF,Raymond James Financial Inc,2026-10-01,Financial Services,30.73,0.96,1.41,13.19,11.17,13.84,12.52,8.04,13.57,18.32,5.40,0.25
AZTA,Azenta Inc,2026-10-01,Life Sciences Tools & Services,1.51,1.51,0.00,0.00,58.63,8.60,0.00,1.43,-20.04,-7.56,0.00,2.50
PRU,Prudential Financial Inc,2026-10-01,Insurance,39.03,0.85,5.04,9.85,7.95,-12.28,144.17,11.31,6.45,12.24,0.78,0.00
CTOS,Custom Truck One Source Inc,2026-10-01,Trading Companies & Distributors,2.16,1.51,0.00,99.86,70.22,-20.87,0.00,7.03,1.05,2.66,2.97,1.34
MUSA,Murphy USA Inc,2026-10-01,Retail,9.40,0.32,0.49,15.01,15.86,-15.11,35.96,10.27,2.87,94.56,2.79,0.92
FA,First Advantage Corp,2026-10-01,Professional Services,3.15,1.18,0.00,125.28,14.11,5.76,0.00,32.89,1.51,1.93,1.57,2.53
FBIN,Fortune Brands Innovations Inc,2026-10-01,Building,4.60,1.27,2.66,30.90,11.95,-0.14,-61.18,-2.31,3.39,6.31,1.11,2.01
ALNY,Alnylam Pharmaceuticals Inc,2026-10-01,Biotechnology,30.93,0.35,0.00,41.19,28.01,-23.54,0.00,95.14,16.82,93.61,2.02,3.05
OMER,Omeros Corp,2026-10-01,Pharmaceuticals,1.34,3.01,0.00,11.02,22.28,-17.14,0.00,0.00,180.34,107.50,21.55,1.95
QNST,QuinStreet Inc,2026-10-01,Media,0.85,0.87,0.00,10.70,9.28,59.51,1687.12,18.29,6.28,27.66,0.22,1.22
NVEC,NVE Corp,2026-10-01,Semiconductors,0.54,1.31,3.64,29.51,0.00,-50.46,23.82,24.07,57.64,30.53,0.00,23.72
KFY,Korn Ferry,2026-10-01,Professional Services,3.95,1.29,2.75,14.13,12.69,36.82,12.84,6.94,9.36,14.14,0.20,2.37
BCO,Brinks Co,2026-10-01,Commercial Services & Supplies,4.12,0.97,1.04,22.52,10.82,-3.21,16.02,8.12,3.30,64.68,13.66,1.62
BBDC,Barings BDC Inc,2026-10-01,Financial Services,0.91,0.75,12.54,10.47,8.60,-30.05,-12.44,-5.06,32.73,7.53,1.22,2.66
SKYW,SkyWest Inc,2026-10-01,Airlines,3.79,1.60,0.00,9.11,8.52,2.92,2.47,9.10,9.78,15.02,0.83,0.57
HNRG,Hallador Energy Co,2026-10-01,Utilities,0.64,0.46,0.00,0.00,32.28,2.96,0.00,7.66,-0.20,-0.52,0.25,0.72
MARA,MARA Holdings Inc,2026-10-01,Technology,4.33,5.21,0.00,0.00,0.00,0.50,0.00,0.73,-429.71,-110.39,1.46,0.89
PSEC,Prospect Capital Corp,2026-10-01,Financial Services,1.09,0.81,30.15,7.24,5.86,22.19,0.00,-11.12,24.03,3.36,0.41,0.66
WLYB,John Wiley & Sons Inc,2026-10-01,Media,2.67,0.77,2.99,12.40,9.43,-11.54,110.82,-0.27,11.90,25.28,1.62,0.64
LQDT,Liquidity Services Inc,2026-10-01,Commercial Services & Supplies,1.37,1.07,0.00,40.13,22.55,19.81,23.68,5.18,6.79,15.18,0.00,1.58
NDAQ,Nasdaq Inc,2026-10-01,Financial Services,51.24,1.01,1.23,26.19,20.89,-1.02,31.79,7.88,22.48,16.30,0.73,1.01
MBX,MBX Biosciences Inc,2026-10-01,Pharmaceuticals,2.72,1.88,0.00,0.00,0.00,-10.18,0.00,0.00,0.00,-26.01,0.00,18.08
AVLN,Avalyn Pharma Inc,2026-10-01,Pharmaceuticals,1.22,1.46,0.00,0.00,0.00,1.44,0.00,0.00,0.00,0.00,0.04,33.12
BSVN,Bank7 Corp,2026-10-01,Banking,0.52,0.79,1.91,12.41,12.37,69.90,-5.84,68.67,41.96,16.48,0.00,0.00
TNL,Travel + Leisure Co,2026-10-01,"Hotels, Restaurants & Leisure",3.85,1.27,3.90,16.06,7.34,-1.35,-36.46,4.52,5.81,121.75,9.71,3.46
CGNX,Cognex Corp,2026-10-01,Electrical Equipment,10.47,1.48,0.54,59.03,30.92,-24.23,44.49,17.15,16.05,8.01,0.00,3.93
DFH,Dream Finders Homes Inc,2026-10-01,Consumer products,0.99,2.02,1.37,6.72,10.23,67.46,-51.52,-12.20,3.55,9.41,1.15,4.83
CHEF,Chefs' Warehouse Inc,2026-10-01,Retail,4.59,1.48,0.00,49.76,38.40,-1.56,32.46,11.16,2.09,13.54,1.23,2.18
SMCI,Super Micro Computer Inc,2026-10-01,Technology,27.54,2.18,0.00,12.29,9.16,-23.83,94.10,77.79,5.71,25.08,0.60,3.87
CLMT,Calumet Inc,2026-10-01,Energy,4.72,0.66,0.00,0.00,65.45,42.87,0.00,12.80,-2.98,-211.14,121.54,0.84
WLDN,"Willdan Group, Inc",2026-10-01,Professional Services,1.06,1.32,0.00,20.73,15.18,-33.52,120.22,14.87,8.24,19.38,0.16,1.68
AAOI,Applied Optoelectronics Inc,2026-10-01,Communications,9.11,3.99,0.00,0.00,31.88,-31.76,0.00,61.85,-9.57,-5.61,0.13,2.78
SMBK,SmartFinancial Inc,2026-10-01,Banking,0.85,0.75,0.66,14.85,12.58,32.60,37.47,44.05,22.40,10.30,0.17,0.00
MTN,Vail Resorts Inc,2026-10-01,"Hotels, Restaurants & Leisure",4.95,0.78,6.47,33.21,22.06,65.32,-43.11,-4.26,5.20,47.19,13.25,0.80
OPFI,OppFi Inc,2026-10-01,Financial Services,0.51,1.98,0.00,4.98,4.20,4.83,0.00,10.16,16.64,68.06,0.67,1.18
BBUC,Brookfield Business Holdings Corp,2026-10-01,Industrial Conglomerates,7.46,1.15,1.16,0.00,21.34,-37.45,0.00,97.51,-3.81,1.41,8.25,1.43
WSC,WillScot Holdings Corp,2026-10-01,Construction,4.35,1.40,1.63,0.00,14.94,37.02,0.00,-2.51,-3.00,-7.45,3.84,0.81
TR,Tootsie Roll Industries Inc,2026-10-01,Food Products,2.89,0.41,0.92,30.07,0.00,0.66,2.94,1.65,12.99,10.15,0.01,2.89
RDW,Redwire Corp,2026-10-01,Aerospace & Defense,2.64,3.15,0.00,0.00,0.00,-41.87,0.00,63.10,-57.26,-19.67,0.03,3.92
VMC,Vulcan Materials Co,2026-10-01,Construction,31.42,1.03,0.84,28.16,24.17,25.90,18.47,6.86,13.75,13.06,0.52,1.76
VIRT,Virtu Financial Inc,2026-10-01,Financial Services,8.63,0.68,0.87,15.62,7.76,4.54,36.21,60.58,13.50,33.18,4.88,0.87
NRIM,Northrim BanCorp Inc,2026-10-01,Banking,0.55,0.95,2.73,7.80,9.27,1.77,-4.56,35.08,20.98,20.68,0.00,0.00
TAP.A,Molson Coors Beverage Co,2026-10-01,Beverages,6.97,0.48,5.29,0.00,7.60,123.26,0.00,-1.77,-20.81,-22.65,0.76,0.88
NP,Neptune Insurance Holdings Inc,2026-10-01,Insurance,3.74,-0.07,5.65,96.24,49.77,-4.80,-15.35,38.21,21.45,-2.85,156.95,1.05
JLL,Jones Lang LaSalle Inc,2026-10-01,Real Estate,14.17,1.34,0.00,14.14,12.32,13.83,79.20,11.17,3.64,13.57,0.31,1.13
FSUN,Firstsun Capital Bancorp,2026-10-01,Banking,1.71,0.21,0.00,36.33,9.31,61.57,-37.16,0.00,0.00,3.53,0.12,0.00
WTS,Watts Water Technologies Inc,2026-10-01,Machinery,11.49,1.13,0.62,31.07,25.86,-31.40,23.17,17.13,14.34,18.56,0.05,2.66
MFIC,MidCap Financial Investment Corp,2026-10-01,Financial Services,0.72,0.71,17.39,0.00,6.87,19.20,0.00,-7.17,-9.85,-2.39,1.58,0.33
GBX,Greenbrier Companies Inc,2026-10-01,Machinery,1.24,1.50,3.38,11.58,11.38,-1.65,-52.31,-25.59,4.07,6.90,1.15,1.98
NXDR,Nextdoor Holdings Inc,2026-10-01,Media,0.96,1.42,0.00,0.00,0.00,0.84,0.00,9.79,-11.08,-7.27,0.00,13.27
UTI,Universal Technical Institute Inc,2026-10-01,Diversified Consumer Services,1.05,1.23,0.00,31.15,31.49,36.75,-45.74,9.15,3.88,10.17,0.46,1.30
REAL,RealReal Inc,2026-10-01,Retail,1.09,2.91,0.00,0.00,41.40,-5.71,0.00,17.73,-10.82,-172.34,4.77,0.83
GT,Goodyear Tire & Rubber Co,2026-10-01,Auto Components,1.45,1.24,0.00,0.00,29.08,5.96,0.00,-4.31,-14.37,-84.20,2.53,1.09
FCBC,First Community Bankshares Inc,2026-10-01,Banking,0.90,0.51,4.65,15.06,15.53,4.63,15.09,21.06,30.06,11.44,0.01,0.00
AMZN,Amazon.com Inc,2026-10-01,Retail,2677.49,1.51,0.00,19.86,22.75,-14.09,89.71,15.77,17.44,30.50,0.28,1.03
D,Dominion Energy Inc,2026-10-01,Utilities,53.44,0.62,4.34,21.04,16.64,-4.59,0.18,21.76,14.36,8.83,1.85,0.81
MSGE,Madison Square Garden Entertainment Corp,2026-10-01,Media,3.79,0.55,0.00,57.26,33.26,25.74,82.20,12.52,6.24,203.02,12.47,0.70
PLTR,Palantir Technologies Inc,2026-10-01,Technology,456.68,1.66,0.00,151.38,86.71,-38.61,290.00,78.92,49.00,37.47,0.00,7.23
STLN,Oncology Institute Inc,2026-10-01,Health Care,0.62,2.22,0.00,0.00,0.00,11.35,0.00,38.38,-6.18,-482.58,14.58,1.36
BWXT,BWX Technologies Inc,2026-10-01,Aerospace & Defense,12.53,0.74,0.76,35.48,28.22,24.67,20.80,22.67,10.11,27.92,1.51,2.40
SYK,Stryker Corp,2026-10-01,Health Care,104.70,0.81,1.26,28.08,16.95,4.23,27.71,8.48,14.43,16.36,0.62,2.16
OMCL,Omnicell Inc,2026-10-01,Health Care,1.53,0.91,0.00,38.88,15.43,-20.89,72.24,8.45,3.13,3.13,0.13,1.64
BFST,Business First Bancshares Inc,2026-10-01,Banking,0.99,0.74,2.41,10.60,9.69,-3.52,10.55,0.00,0.00,9.85,0.15,0.00
SHAZ,SharonAI Holdings Inc,2026-10-01,Technology,1.78,-9.53,0.00,0.00,0.00,-20.19,0.00,0.00,0.00,-108.49,0.90,1.63
VCEL,Vericel Corp,2026-10-01,Biotechnology,2.02,1.09,0.00,84.96,51.17,-0.58,487.48,22.95,7.91,6.91,0.00,5.04
SLB,SLB NV,2026-10-01,Energy,72.22,0.85,2.36,23.15,17.36,3.91,-29.35,2.50,8.53,11.93,0.49,1.44
HSY,Hershey Co,2026-10-01,Food Products,32.01,0.08,6.97,27.05,17.75,-10.43,-33.52,-12.40,11.84,31.30,1.23,1.18
ASIC,Ategrity Specialty Insurance Company Holdings,2026-10-01,Insurance,1.28,0.75,0.17,11.46,11.62,17.06,0.00,0.00,22.75,17.11,0.00,0.03
NSP,Insperity Inc,2026-10-01,Professional Services,1.86,0.51,4.95,0.00,19.82,-10.62,0.00,2.64,-0.23,-24.52,6.87,1.11
IP,International Paper Co,2026-10-01,Packaging,17.22,0.99,5.74,0.00,13.93,8.00,0.00,-18.02,-12.99,-22.39,0.64,1.10
VRDN,Viridian Therapeutics Inc,2026-10-01,Biotechnology,2.33,1.10,0.00,0.00,0.00,13.92,0.00,23220.33,-544.06,-61.35,0.54,16.95
BULL,Webull Corp,2026-10-01,Financial Services,3.72,0.64,0.00,86.68,30.06,6.30,0.00,48.76,6.26,4.18,0.06,1.29
MIAX,Miami International Holdings Inc,2026-10-01,Financial Services,3.35,1.11,0.00,23.36,19.67,7.16,3870.91,0.00,9.70,14.49,0.00,2.61
AXSM,Axsome Therapeutics Inc,2026-10-01,Pharmaceuticals,9.54,0.82,0.00,0.00,63.03,-6.73,0.00,56.87,-24.68,-255.60,2.43,1.43
OTIS,Otis Worldwide Corp,2026-10-01,Machinery,24.55,0.90,2.67,16.26,15.54,41.68,2.96,5.24,10.17,14.92,0.00,0.83
OLLI,Ollie's Bargain Outlet Holdings Inc,2026-10-01,Retail,5.22,0.36,0.00,18.99,17.02,-4.19,29.67,14.43,9.79,14.58,0.00,2.23
NOW,ServiceNow Inc,2026-10-01,Technology,142.44,0.97,0.00,82.97,33.83,-48.96,0.87,22.19,11.34,13.77,0.60,0.70
TSCO,Tractor Supply Co,2026-10-01,Retail,16.53,0.49,3.06,15.99,16.26,-11.97,-5.79,3.98,6.42,39.30,0.84,1.33
CDE,"Coeur Mining, Inc",2026-10-01,Metals & Mining,18.05,1.41,0.00,21.29,10.85,13.16,211.84,117.26,26.82,12.49,0.07,3.65
STAA,STAAR Surgical Co,2026-10-01,Health Care,1.12,1.25,0.00,294.18,44.00,52.64,0.00,51.30,1.13,1.08,0.00,4.66
PUMP,ProPetro Holding Corp,2026-10-01,Energy,1.11,0.87,0.00,0.00,0.00,10.26,0.00,-15.14,-1.15,-1.49,0.84,4.09
CVCO,Cavco Industries Inc,2026-10-01,Consumer products,4.44,1.31,0.00,23.82,21.47,-3.33,-0.26,9.69,7.89,16.51,0.01,2.23
AVR,Anteris Technologies Global Corp,2026-10-01,Health Care,0.74,1.62,0.00,0.00,0.00,-17.89,0.00,-9.56,-4619.27,-41.81,0.00,14.20
WBTN,Webtoon Entertainment Inc,2026-10-01,Media,1.22,2.72,0.00,0.00,0.00,-2.79,0.00,-0.49,-25.14,-27.51,0.00,2.63
OZK,Bank Ozk,2026-10-01,Banking,5.06,0.93,4.33,7.31,7.84,14.29,-1.71,67.44,44.80,11.21,0.07,0.00
VOYG,Voyager Technologies Inc,2026-10-01,Aerospace & Defense,1.85,4.70,0.00,0.00,0.00,79.79,0.00,-22.34,-78.61,-33.05,1.38,3.80
SHAK,Shake Shack Inc,2026-10-01,"Hotels, Restaurants & Leisure",2.58,1.82,0.00,63.23,52.95,-9.40,109.50,17.33,2.56,7.55,0.48,1.67
BKV,BKV Corp,2026-10-01,Energy,2.36,0.17,0.00,8.74,12.82,35.66,0.00,118.60,17.71,12.81,0.54,1.15
AHCO,Adapthealth Corp,2026-10-01,Health Care,0.77,1.37,0.00,0.00,86.94,1.40,0.00,-0.43,-7.07,-15.16,1.40,1.12
FSBC,Five Star Bancorp,2026-10-01,Banking,1.05,0.49,1.83,14.63,12.03,42.49,38.44,0.00,0.00,15.92,0.16,0.00
KRNY,Kearny Financial Corp,2026-10-01,Banking,0.60,0.60,4.76,16.13,11.65,-5.50,37.91,32.97,20.39,4.77,0.00,0.00
PBLS,Parabilis Medicines Inc,2026-10-01,Biotechnology,3.76,-1.17,0.00,0.00,0.00,128.75,0.00,0.00,0.00,0.00,0.01,17.91
HOMB,Home BancShares Inc,2026-10-01,Banking,5.71,0.75,2.93,11.70,11.32,-3.20,10.78,51.05,41.88,11.01,0.10,0.00
AVEX,AEVEX Corp,2026-10-01,Aerospace & Defense,1.79,7.68,0.00,42.14,30.91,-35.29,697.27,143.37,6.53,0.00,0.83,5.66
DCOM,Dime Community Bancshares Inc,2026-10-01,Banking,1.75,1.00,2.88,15.77,11.83,2.31,225.06,42.91,31.87,7.67,0.18,0.00
IBM,International Business Machines Corp,2026-10-01,Technology,212.56,0.79,2.97,19.79,17.91,-35.69,82.66,7.90,15.52,33.51,1.80,0.79
BW,Babcock & Wilcox Enterprises Inc,2026-10-01,Electrical Equipment,0.86,1.18,2.15,0.00,39.93,20.87,0.00,11.90,-7.94,24.85,5.31,1.45
FIG,Figma Inc,2026-10-01,Technology,11.50,1.11,0.00,0.00,75.42,-29.59,0.00,0.00,-123.15,-108.20,0.00,2.45
SEB,Seaboard Corp,2026-10-01,Food Products,3.78,0.27,0.24,5.95,0.00,-14.86,361.85,8.17,6.17,12.09,0.29,2.40
FTV,Fortive Corp,2026-10-01,Machinery,16.86,1.06,0.34,31.29,17.57,-19.67,-23.29,-29.80,12.38,8.52,0.58,1.24
TRMK,Trustmark Corp,2026-10-01,Banking,2.62,0.70,2.28,10.98,10.96,3.07,11.12,75.48,12.46,11.01,0.34,0.00
AA,Alcoa Corp,2026-10-01,Metals & Mining,11.10,1.85,0.95,8.63,7.88,-18.71,24.14,6.46,9.39,19.16,0.30,1.53
CRUS,Cirrus Logic Inc,2026-10-01,Semiconductors,6.02,1.23,0.00,13.94,13.92,3.27,28.21,6.25,21.00,20.35,0.00,7.58
HFWA,Heritage Financial Corp,2026-10-01,Banking,1.14,0.54,3.08,14.29,11.44,16.87,47.38,30.90,29.71,7.69,0.02,0.00
PGC,Peapack-Gladstone Financial Corp,2026-10-01,Banking,0.78,0.76,0.49,14.67,10.14,-12.14,59.26,51.80,25.32,7.65,0.11,0.00
ORIC,Oric Pharmaceuticals Inc,2026-10-01,Biotechnology,1.30,1.14,0.00,0.00,0.00,4.44,0.00,0.00,0.00,-35.35,0.00,13.19
TRN,Trinity Industries Inc,2026-10-01,Machinery,2.06,1.38,4.90,5.94,12.15,16.25,260.79,-18.95,16.62,31.57,4.57,1.89
APO,Apollo Global Management Inc,2026-10-01,Financial Services,67.52,1.53,2.03,36.01,12.16,-12.43,-44.88,40.69,5.87,8.58,0.75,0.06
NRDS,NerdWallet Inc,2026-10-01,Financial Services,0.55,1.28,0.00,8.43,8.94,14.61,54.62,11.51,7.56,18.07,0.02,2.62
SCL,Stepan Co,2026-10-01,Chemicals,1.40,0.95,2.54,0.00,18.92,23.27,0.00,7.63,-0.11,-0.22,0.53,1.15
VC,Visteon Corp,2026-10-01,Auto Components,2.36,1.27,1.48,15.63,9.27,20.05,-47.69,-1.13,4.00,9.71,0.19,1.78
VERA,"Vera Therapeutics, Inc",2026-10-01,Biotechnology,2.23,1.00,0.00,0.00,0.00,-0.88,0.00,0.00,0.00,-84.13,0.18,10.92
IRWD,Ironwood Pharmaceuticals Inc,2026-10-01,Biotechnology,0.62,0.24,0.00,4.83,3.52,21.86,0.00,26.19,33.36,29.31,0.56,6.06
TOWN,TowneBank,2026-10-01,Banking,3.32,0.76,4.62,10.50,10.90,-10.75,55.00,41.54,24.25,11.74,0.11,0.00
PPG,PPG Industries Inc,2026-10-01,Chemicals,23.27,1.02,2.79,14.52,12.75,4.73,58.96,1.47,9.57,19.47,0.82,1.58
DINO,HF Sinclair Corp,2026-10-01,Energy,20.04,0.75,1.83,10.46,8.43,22.60,0.00,-10.74,6.31,19.86,0.28,1.97
UTHR,United Therapeutics Corp,2026-10-01,Biotechnology,24.51,0.50,0.00,18.70,17.29,79.69,9.05,2.49,41.56,20.18,0.00,5.73
PLUS,ePlus inc,2026-10-01,Electrical Equipment,2.42,0.97,1.14,18.79,16.51,5.26,6.85,13.54,5.10,11.78,0.00,2.13
EZPW,EZCORP Inc,2026-10-01,Financial Services,1.85,0.76,0.00,11.43,14.12,-26.18,61.24,28.61,9.99,14.45,0.45,4.81
DOW,Dow Inc,2026-10-01,Chemicals,19.93,0.44,5.05,0.00,15.03,-11.85,0.00,-1.20,-3.13,-8.00,1.13,1.75
RUSHB,Rush Enterprises Inc,2026-10-01,Trading Companies & Distributors,5.60,0.88,1.09,20.78,16.72,-1.12,-5.45,-5.86,3.67,11.76,0.58,1.45
ALKT,Alkami Technology Inc,2026-10-01,Technology,1.50,0.52,0.00,0.00,17.97,60.71,0.00,27.05,-9.21,-12.48,0.93,2.13
FTH,"Faeth Therapeutics, Inc",2026-10-01,Biotechnology,0.73,2.04,0.00,0.00,0.00,86.26,0.00,0.00,0.00,-189.59,0.00,19.69
DUOL,Duolingo Inc,2026-10-01,Diversified Consumer Services,6.86,1.05,0.00,16.69,47.32,-15.89,245.43,29.36,35.87,30.11,0.00,2.72
AMRX,Amneal Pharmaceuticals Inc,2026-10-01,Pharmaceuticals,6.41,1.26,0.00,40.90,16.99,67.19,7506.35,9.28,5.05,174.61,82.62,2.20
ALH,Alliance Laundry Holdings Inc,2026-10-01,Machinery,4.22,1.67,0.00,23.64,15.76,12.16,0.00,44.18,10.08,33.10,3.75,1.43
ETSY,ETSY Inc,2026-10-01,Retail,6.69,1.82,0.00,32.02,21.93,21.46,19.46,0.73,7.32,67.88,4.11,1.48
HMN,Horace Mann Educators Corp,2026-10-01,Insurance,1.82,0.12,3.19,10.19,9.06,51.39,26.89,6.33,10.12,12.03,0.40,0.00
C,Citigroup Inc,2026-10-01,Banking,213.03,1.16,2.56,11.92,10.67,-5.75,35.24,99.24,17.37,8.41,3.84,0.00
CHH,Choice Hotels International Inc,2026-10-01,"Hotels, Restaurants & Leisure",4.60,0.68,1.17,13.84,13.66,0.88,8.84,2.65,20.28,215.08,14.08,0.93
BELFA,Bel Fuse Inc,2026-10-01,Electrical Equipment,3.53,1.43,0.10,64.77,22.35,-49.32,1.34,25.26,7.21,9.75,0.00,4.48
TKNO,Alpha Teknova Inc,2026-09-26,Life Sciences Tools & Services,0.50,0.95,0.00,0.00,0.00,43.64,0.00,12.27,-38.37,-24.94,0.21,4.49
QBTS,D-Wave Quantum Inc,2026-10-01,Technology,6.29,2.27,0.00,0.00,0.00,-26.18,0.00,-44.22,-2001.59,-26.67,0.03,20.55
KVYO,Klaviyo Inc,2026-10-01,Technology,4.61,0.67,0.00,659.51,19.64,19.00,0.00,28.89,0.49,0.61,0.00,3.13
VSTS,Vestis Corp,2026-10-01,Commercial Services & Supplies,1.77,1.06,0.00,0.00,21.82,12.48,0.00,-0.39,-0.20,-0.61,1.42,2.17
WINA,Winmark Corp,2026-10-01,Retail,1.19,0.53,4.51,26.97,24.51,127.54,-1.93,3.76,47.09,67.95,2.34,2.49
GCT,GigaCloud Technology Inc,2026-10-01,Distributors,1.90,1.67,0.00,11.82,11.40,15.84,27.13,22.86,10.65,31.42,0.00,2.09
UHAL,U-Haul Holding Co,2026-10-01,Road & Rail,10.56,1.07,0.34,163.17,54.82,-32.89,-79.66,3.02,1.05,0.83,1.06,0.77
KMB,Kimberly-Clark Corp,2026-10-01,Consumer products,31.38,0.30,5.29,16.22,13.30,-9.89,-19.13,-12.19,11.79,122.57,3.74,0.91
GILD,"Gilead Sciences, Inc",2026-10-01,Biotechnology,182.89,0.40,3.30,0.00,22.02,-5.38,0.00,5.52,-10.64,-16.30,2.22,1.27
KEEL,Keel Infrastructure Corp,2026-10-01,Technology,2.12,2.78,0.00,0.00,0.00,-26.60,0.00,0.00,-213.01,-64.25,3.13,16.26
HWKN,Hawkins Inc,2026-10-01,Chemicals,2.66,0.75,0.61,32.41,28.24,7.72,-4.64,9.32,7.29,15.30,0.45,2.27
KOS,Kosmos Energy Ltd,2026-10-01,Energy,1.54,0.85,0.00,0.00,9.70,-0.54,0.00,6.41,-34.24,-81.93,3.89,0.59
INDP,Indaptus Therapeutics Inc,2026-09-28,Biotechnology,0.51,1.06,0.00,0.00,0.00,-15.67,0.00,0.00,0.00,-302.75,0.00,19.48
TTMI,TTM Technologies Inc,2026-10-01,Electrical Equipment,13.33,2.22,0.00,54.69,20.16,-23.94,145.74,28.41,6.90,13.09,0.51,1.78
NWSA,News Corp,2026-10-01,Media,16.03,1.03,1.27,27.99,21.71,19.22,-50.45,1.06,6.35,6.62,0.23,1.62
APD,Air Products and Chemicals Inc,2026-10-01,Chemicals,60.87,0.70,2.67,0.00,20.00,16.90,0.00,4.51,-0.38,-0.32,1.27,1.08
PAYO,Payoneer Global Inc,2026-10-01,Financial Services,2.42,0.99,0.00,33.52,25.96,-46.55,-32.47,7.19,6.76,10.01,0.00,1.00
LUNR,Intuitive Machines Inc,2026-10-01,Aerospace & Defense,3.22,1.88,0.00,0.00,0.00,-21.09,0.00,116.89,-26.64,0.00,0.00,1.66
PFS,Provident Financial Services Inc,2026-10-01,Banking,2.91,0.84,4.38,9.09,8.87,-5.17,35.20,36.72,30.21,11.00,0.17,0.00
CTGO,Contango Silver & Gold Inc,2026-10-01,Metals & Mining,0.56,0.15,0.00,0.00,0.00,1.83,0.00,0.00,0.00,-21.48,0.10,1.06
OLED,Universal Display Corp,2026-10-01,Semiconductors,3.56,1.54,2.52,18.11,17.10,-5.16,-19.37,-8.32,32.24,11.35,0.00,8.50
DDOG,Datadog Inc (Pre-Reincorporation),2026-10-01,Technology,99.27,1.50,0.00,563.11,86.29,-26.42,40.09,31.52,4.48,4.57,0.23,3.20
HE,Hawaiian Electric Industries Inc,2026-10-01,Utilities,1.54,0.54,0.06,6.76,12.88,56.81,0.00,1.69,6.89,13.70,1.57,1.87
DNA,Ginkgo Bioworks Holdings Inc,2026-10-01,Life Sciences Tools & Services,0.84,1.70,0.00,0.00,0.00,116.00,0.00,-51.54,-259.96,-60.21,0.00,4.57
XOM,Exxonmobil Holdings Corp,2026-10-01,Energy,650.63,0.19,2.60,20.25,14.34,-2.30,10.18,9.62,9.07,12.68,0.16,1.13
EW,Edwards Lifesciences Corp,2026-10-01,Health Care,49.10,0.85,0.00,49.01,28.39,-12.74,-75.18,14.55,15.43,9.69,0.06,4.52
ETON,Eton Pharmaceuticals Inc,2026-10-01,Pharmaceuticals,1.49,0.88,0.00,117.49,30.10,-1.27,0.00,81.49,12.02,40.13,0.60,1.52
MLAB,Mesa Laboratories Inc,2026-10-01,Life Sciences Tools & Services,0.72,1.08,0.49,151.09,50.20,-31.98,0.00,3.04,1.92,2.59,0.76,1.79
QUBT,Quantum Computing Inc,2026-10-01,Technology,1.90,4.01,0.01,0.00,0.00,-31.30,0.00,3635.36,-152.45,-1.06,0.00,53.13
DAKT,Daktronics Inc,2026-10-01,Electrical Equipment,0.85,1.76,0.00,17.20,13.75,-1.15,430.85,14.00,5.66,15.98,0.03,2.17
ZETA,Zeta Global Holdings Corp,2026-10-01,Technology,5.33,1.28,0.00,0.00,35.89,-28.12,0.00,35.91,-0.14,-0.26,0.21,2.38
ECVT,Ecovyst Inc,2026-10-01,Chemicals,1.09,1.09,0.00,0.00,14.37,-16.63,0.00,20.14,-7.06,-10.34,0.84,1.70
APA,APA Corp (US),2026-10-01,Energy,15.18,0.34,2.34,9.05,8.80,24.60,58.67,-12.44,19.04,26.27,0.53,0.95
RF,Regions Financial Corp,2026-10-01,Banking,22.97,1.06,4.44,10.07,10.24,10.70,11.87,45.42,30.49,11.79,0.26,0.00
NWE,NorthWestern Energy Group Inc,2026-10-01,Utilities,4.22,0.35,3.86,24.60,17.89,21.81,-24.72,10.69,10.13,5.92,1.24,0.83
HSIC,Henry Schein Inc,2026-10-01,Health Care,9.47,0.87,0.00,23.46,15.05,4.27,10.34,6.49,2.96,12.37,1.10,1.32
HURN,Huron Consulting Group Inc,2026-10-01,Professional Services,2.68,0.15,0.00,22.56,15.57,-9.40,16.21,13.60,6.38,25.53,2.16,1.71
MTUS,Metallus Inc,2026-10-01,Metals & Mining,0.80,1.40,0.00,97.18,22.65,-4.44,0.00,16.12,0.66,1.17,0.00,1.75
LNG,Cheniere Energy Inc,2026-10-01,Energy,56.26,0.05,0.83,19.13,17.89,3.65,-21.37,17.54,13.57,47.41,3.88,0.87
MUR,Murphy Oil Corp,2026-10-01,Energy,5.37,0.56,3.60,18.24,11.54,0.61,4.69,7.89,9.81,5.71,0.29,0.85
CCL,Carnival Corp,2026-10-01,"Hotels, Restaurants & Leisure",33.71,2.51,1.86,10.56,8.79,41.70,21.01,5.20,11.37,23.91,1.69,0.27
CRWD,CrowdStrike Holdings Inc,2026-10-01,Technology,272.46,1.18,0.00,4678.73,169.86,-2.17,0.00,24.30,1.08,1.29,0.15,1.57
MU,Micron Technology Inc,2026-10-01,Semiconductors,1239.38,2.36,0.05,13.91,6.52,-38.57,878.77,256.33,63.80,91.77,0.04,3.31
NRIX,Nurix Therapeutics Inc,2026-10-01,Biotechnology,2.42,1.80,0.00,0.00,0.00,1.22,0.00,-58.40,-928.44,-76.09,0.00,6.34
NIC,"Nicolet Bankshares, Inc",2026-10-01,Banking,3.43,0.69,0.71,22.10,12.68,-33.05,0.70,48.53,21.51,8.81,0.04,0.00
CDW,CDW Corp,2026-10-01,Electrical Equipment,16.98,0.95,2.02,14.83,12.57,-18.04,3.41,7.41,4.60,42.60,2.38,1.17
ULCC,Frontier Group Holdings Inc,2026-10-01,Airlines,1.37,2.73,0.00,0.00,24.01,-28.77,0.00,9.95,-9.29,-120.34,3.72,0.58
FSLY,Fastly Inc,2026-10-01,Technology,4.20,0.19,0.00,0.00,45.31,72.65,0.00,20.35,-11.80,-8.46,0.33,3.36
A,Agilent Technologies Inc,2026-10-01,Life Sciences Tools & Services,46.99,1.25,0.60,33.27,24.96,25.56,18.74,8.60,19.53,20.47,0.54,2.05
KRYS,Krystal Biotech Inc,2026-10-01,Biotechnology,9.63,0.56,0.00,40.11,40.76,-12.61,62.37,22.63,54.82,19.34,0.00,8.32
FCNCA,First Citizens BancShares Inc (Delaware),2026-10-01,Banking,23.06,0.65,0.82,9.63,10.44,-6.20,11.18,0.00,0.00,10.68,1.53,0.00
CRK,Comstock Resources Inc,2026-10-01,Energy,3.77,0.57,0.00,7.30,36.27,9.72,0.00,13.81,27.00,19.65,1.20,0.48
ITIC,Investors Title Co,2026-10-01,Insurance,0.54,0.61,3.71,13.29,0.00,1.16,22.18,8.67,13.80,14.63,0.00,0.34
KYMR,Kymera Therapeutics Inc,2026-10-01,Biotechnology,9.16,2.05,0.00,0.00,0.00,6.28,0.00,134.84,-285.34,-21.50,0.00,10.34
SM,SM Energy Co,2026-10-01,Energy,8.34,0.88,2.20,8.22,4.42,16.68,-28.40,67.03,19.11,16.53,0.90,0.62
DLTR,Dollar Tree Inc,2026-10-01,Retail,21.47,0.68,0.00,13.39,14.57,-4.75,0.00,48.09,8.03,45.58,0.86,1.13
FBYD,Falcon's Beyond Global Inc,2026-10-01,Professional Services,1.03,-1.00,0.00,0.00,0.00,8.58,0.00,261.76,-3.47,-5.88,1.09,0.66
NBIX,Neurocrine Biosciences Inc,2026-10-01,Biotechnology,14.30,0.37,0.00,20.52,15.58,24.63,101.29,34.42,20.91,21.13,0.00,1.87
AII,American Integrity Insurance Group Inc,2026-10-01,Insurance,0.51,0.55,0.00,5.56,6.83,40.33,0.00,0.00,26.20,25.95,0.00,0.00
WRB,W. R. Berkley Corp,2026-10-01,Insurance,27.23,0.25,1.89,13.14,14.04,91.08,10.69,5.51,12.87,19.74,0.29,0.92
IOT,Samsara Inc,2026-10-01,Technology,23.45,1.34,0.00,258.94,51.78,-20.30,0.00,29.50,4.90,6.21,0.00,1.62
CORT,Corcept Therapeutics Inc,2026-10-01,Pharmaceuticals,12.33,0.50,0.00,220.85,33.32,109.38,-62.50,16.02,6.64,8.41,0.00,2.86
NFLX,Netflix Inc,2026-10-01,Media,282.52,1.62,0.00,20.77,19.21,4.57,35.26,16.02,28.22,47.96,0.47,1.14
DV,Doubleverify Holdings Inc,2026-10-01,Media,2.09,0.94,0.00,35.52,30.16,-20.68,17.51,7.64,7.66,5.37,0.03,4.50
CLYM,Climb Bio Inc,2026-10-01,Biotechnology,0.64,0.02,0.00,0.00,0.00,15.15,0.00,0.00,0.00,-31.79,0.00,31.45
SLM,SLM Corp,2026-10-01,Financial Services,4.25,1.00,2.80,5.74,7.40,-6.11,77.07,31.52,19.68,30.31,2.36,0.00
STGW,Stagwell Inc,2026-10-01,Media,2.07,1.30,0.00,127.75,7.61,-11.39,630.86,6.38,0.53,2.25,2.17,0.81
CAKE,Cheesecake Factory Inc,2026-10-01,"Hotels, Restaurants & Leisure",5.37,1.16,1.05,29.62,21.10,-8.76,13.39,5.66,4.61,38.83,1.08,0.59
TSLX,Sixth Street Specialty Lending Inc,2026-10-01,Financial Services,1.72,0.65,9.13,19.39,10.18,-14.85,-53.05,-13.78,21.77,5.64,1.24,8.20
LMAT,LeMaitre Vascular Inc,2026-10-01,Health Care,1.83,0.51,1.08,28.92,26.18,-24.59,34.39,11.85,25.02,16.42,0.40,16.31
DRVN,Driven Brands Holdings Inc,2026-10-01,Diversified Consumer Services,1.92,0.92,0.00,10.88,8.93,20.08,0.00,-19.60,9.85,22.08,2.02,1.47
ZBRA,Zebra Technologies Corp,2026-10-01,Electrical Equipment,13.75,1.61,0.00,33.24,16.54,-22.58,3.28,12.66,9.22,15.14,0.81,0.52
NVTS,Navitas Semiconductor Corp,2026-10-01,Semiconductors,3.16,4.06,0.00,0.00,0.00,-17.77,0.00,-46.40,-856.86,-61.50,0.00,21.79
AMPH,"Amphastar Pharmaceuticals, Inc",2026-10-01,Pharmaceuticals,1.08,0.95,0.00,13.98,7.79,24.81,-35.99,1.02,10.76,10.11,0.80,2.40
FCEL,Fuelcell Energy Inc,2026-10-01,Electrical Equipment,1.32,2.43,0.24,0.00,0.00,-44.06,0.00,1.09,-113.60,-21.28,0.15,8.67
ADIG,ADI Global Distribution Inc.,2026-10-01,Electrical Equipment,1.37,6.87,0.00,0.00,0.00,-30.37,0.00,0.00,0.00,0.00,0.00,0.00
V,Visa Inc,2026-10-01,Financial Services,671.86,0.83,0.74,29.77,24.16,-2.65,14.72,14.39,50.78,61.26,0.68,0.99
IMNM,Immunome Inc,2026-10-01,Biotechnology,2.37,2.68,0.00,0.00,0.00,31.20,0.00,0.00,-1687.08,-50.56,0.00,15.08
PEP,PepsiCo Inc,2026-10-01,Beverages,171.43,0.35,4.55,16.44,14.80,20.30,38.92,5.62,10.78,50.20,2.41,0.93
TFC,Truist Financial Corp,2026-10-01,Banking,56.54,0.90,5.15,9.65,9.83,7.72,16.65,58.19,23.80,9.01,0.93,0.00
STTK,Shattuck Labs Inc,2026-10-01,Biotechnology,0.69,1.07,0.00,0.00,0.00,50.73,0.00,-66.63,-1005.60,-43.57,0.00,27.59
FLOC,Flowco Holdings Inc,2026-10-01,Energy,1.65,0.88,0.66,32.90,12.65,-10.64,-9.86,7.70,6.07,15.28,0.88,2.67
CNA,CNA Financial Corp,2026-10-01,Insurance,12.42,0.25,8.60,9.97,12.20,48.34,41.22,3.41,8.16,11.00,0.27,2.64
SYRE,Spyre Therapeutics Inc,2026-10-01,Biotechnology,7.93,3.21,0.00,0.00,0.00,17.46,0.00,0.00,-22158.54,-24.32,0.00,18.53
XXI,Twenty One Capital Inc,2026-10-01,Financial Services,2.90,3.41,0.00,0.00,0.00,114.49,0.00,0.00,0.00,-71.82,0.22,71.05
CELH,Celsius Holdings Inc,2026-10-01,Beverages,6.94,1.05,0.75,53.99,17.84,-26.18,-4.04,82.86,4.24,4.35,0.23,1.80
CRMD,CorMedix Inc,2026-10-01,Pharmaceuticals,0.58,1.45,0.00,3.21,42.63,-31.69,181.82,280.50,40.49,44.64,0.32,2.56
COLL,Collegium Pharmaceutical Inc,2026-10-01,Pharmaceuticals,0.71,0.77,0.00,15.01,3.34,47.60,20.82,14.31,5.93,15.96,3.89,1.03
NPB,Northpointe Bancshares Inc,2026-10-01,Banking,0.51,0.53,0.00,5.62,5.99,67.55,-7.30,0.00,0.00,14.99,0.19,0.00
RS,Reliance Inc,2026-10-01,Metals & Mining,20.07,0.99,1.32,21.78,16.47,-13.64,25.54,15.44,5.65,12.33,0.22,4.30
DIOD,Diodes Inc,2026-10-01,Semiconductors,4.49,1.95,0.00,51.29,18.70,-15.94,35.55,17.80,5.27,4.53,0.02,3.17
MOG.A,Moog Inc,2026-10-01,Aerospace & Defense,12.38,1.06,0.23,31.51,30.55,17.08,86.78,15.72,9.13,18.58,0.49,2.09
DSP,Viant Technology Inc,2026-10-01,Technology,0.85,1.19,0.00,97.42,37.51,158.08,110.10,21.99,2.24,11.42,0.00,2.34
CRSR,Corsair Gaming Inc,2026-10-01,Technology,1.50,2.00,0.00,45.00,15.90,-57.24,0.00,3.11,2.29,5.23,0.18,1.75
WU,Western Union Co,2026-10-01,Financial Services,2.40,0.61,16.26,4.71,4.29,15.03,-53.21,-1.63,9.79,42.65,2.95,1.29
GLIBA,GCI Liberty Inc,2026-10-01,Telecommunication,0.94,-0.57,0.00,0.00,8.10,-32.37,0.00,-32.86,-32.53,-20.72,0.73,3.37
STLD,Steel Dynamics Inc,2026-10-01,Metals & Mining,32.42,1.50,0.93,19.80,12.19,-9.44,60.82,19.77,7.83,17.60,0.44,3.18
MTD,Mettler-toledo International Inc,2026-10-01,Life Sciences Tools & Services,29.68,1.19,0.00,33.20,31.30,20.97,12.52,6.91,21.91,1816.26,164.70,1.12
BLDR,Builders FirstSource Inc,2026-10-01,Building,6.17,1.44,0.00,59.10,18.44,86.82,-86.04,-9.38,0.71,2.46,1.15,1.79
INTC,Intel Corp,2026-10-01,Semiconductors,634.33,2.35,2.28,0.00,63.02,7.21,0.00,7.47,-19.79,-10.76,0.58,1.60
PDFS,PDF Solutions Inc,2026-10-01,Semiconductors,2.25,1.70,0.00,212.00,31.79,-4.19,1057.80,23.05,4.27,3.47,0.18,3.45
NRGV,Energy Vault Holdings Inc,2026-10-01,Electrical Equipment,0.71,1.33,0.00,0.00,0.00,-6.25,0.00,336.76,-48.58,-236.67,35.29,1.19
ACDC,ProFrac Holding Corp,2026-10-01,Energy,0.80,1.57,0.00,0.00,0.00,-10.37,0.00,-16.18,-22.75,-53.92,1.76,0.84
OGS,ONE Gas Inc,2026-10-01,Utilities,4.51,0.63,3.67,15.67,14.63,11.91,10.59,-0.78,12.47,8.42,0.96,0.48
CNR,Core Natural Resources Inc,2026-10-01,Energy,4.35,0.26,0.47,43.42,16.03,-4.51,-8.84,30.21,2.34,2.70,0.12,1.83
LECO,Lincoln Electric Holdings Inc,2026-10-01,Machinery,14.68,1.22,1.18,26.08,21.66,6.70,12.44,9.32,12.35,37.21,0.74,1.98
SITM,SiTime Corp,2026-10-01,Semiconductors,20.41,2.84,0.00,1442.93,45.56,4.81,0.00,83.03,3.01,1.27,1.29,19.45
CHRD,Chord Energy Corp,2026-10-01,Energy,7.49,0.41,3.96,8.82,8.19,4.66,248.85,19.23,13.42,10.42,0.18,1.22
RGLD,Royal Gold Inc,2026-10-01,Metals & Mining,19.68,0.46,0.70,26.95,20.79,4.79,34.26,93.51,47.70,11.55,0.05,2.92
FIVE,Five Below Inc,2026-10-01,Retail,12.18,0.91,0.00,19.52,21.58,-3.86,125.33,25.56,11.65,27.73,0.00,2.22
EBC,Eastern Bankshares Inc,2026-10-01,Banking,4.82,0.72,2.43,12.81,10.54,-1.22,0.00,38.33,-14.95,9.00,0.00,0.00
AD,Array Digital Infrastructure Inc,2026-10-01,Telecommunication,2.96,0.36,128.97,5.54,5.11,-2.09,0.00,-94.23,250.79,26.05,0.53,0.95
RJET,Republic Airways Holdings Inc,2026-10-01,Airlines,0.84,2.35,0.00,6.26,0.00,-35.61,0.00,0.00,4.84,10.22,0.77,1.03
SDGR,Schrodinger Inc,2026-10-01,Health Care,2.28,1.66,0.00,0.00,0.00,127.58,0.00,8.88,-20.98,-16.37,0.00,2.71
CNXN,PC Connection Inc,2026-10-01,Electrical Equipment,2.34,0.84,0.76,24.38,19.69,11.55,14.88,3.23,3.21,10.40,0.00,2.88
VRSN,"VeriSign, Inc",2026-10-01,Technology,25.47,0.67,1.14,29.96,28.61,0.25,9.82,6.86,49.77,113.55,1.07,0.59
HONA,Honeywell Aerospace Inc,2026-10-01,Aerospace & Defense,48.83,-0.19,0.00,13.77,19.56,14.20,0.00,0.00,13.57,0.00,0.00,1.53
CNX,CNX Resources Corp,2026-10-01,Energy,4.66,0.65,0.00,4.91,10.09,42.33,968.14,18.73,46.60,21.19,0.46,0.72
AIG,American International Group Inc,2026-10-01,Insurance,39.44,0.52,2.54,13.17,8.75,35.51,3.00,-4.19,11.13,7.27,0.22,0.04
WLFC,Willis Lease Finance Corp,2026-10-01,Trading Companies & Distributors,1.68,0.73,1.60,11.26,9.00,-48.30,-75.81,17.34,11.99,12.36,3.01,0.80
BL,BlackLine Inc,2026-10-01,Technology,1.60,0.72,0.00,46.65,10.33,-15.06,-57.60,8.62,4.75,10.84,2.12,1.72
SGI,Somnigroup International Inc,2026-10-01,Consumer products,14.45,1.30,0.96,26.52,17.75,1.97,75.52,27.07,7.00,17.11,1.37,0.75
OCFC,OceanFirst Financial Corp,2026-10-01,Banking,1.64,1.02,2.85,33.61,8.08,17.42,-43.70,48.40,29.61,2.59,0.23,0.00
PANL,Pangaea Logistics Solutions Ltd,2026-10-01,Marine,0.55,0.92,2.44,11.58,8.87,-0.37,235.93,22.50,6.70,10.94,0.78,1.38
WH,Wyndham Hotels & Resorts Inc,2026-10-01,"Hotels, Restaurants & Leisure",5.65,0.67,2.41,25.54,13.09,-4.91,-35.84,-2.21,14.67,42.06,5.57,0.99
PGR,Progressive Corp,2026-10-01,Insurance,122.59,0.23,6.65,10.48,12.34,27.41,12.30,10.49,12.85,35.40,0.24,0.08
BETA,BETA Technologies Inc,2026-10-01,Aerospace & Defense,5.08,3.17,0.00,0.00,0.00,137.98,0.00,0.00,-1913.91,-57.71,0.11,14.47
UMAC,Unusual Machines Inc,2026-10-01,Electrical Equipment,1.09,15.48,0.00,0.00,0.00,-55.53,0.00,313.57,-20.29,-2.58,0.00,53.82
RDNT,RadNet Inc,2026-10-01,Health Care,5.33,1.45,0.00,0.00,99.27,-12.39,0.00,18.92,-0.93,-1.95,1.22,1.48
RDN,Radian Group Inc,2026-10-01,Financial Services,4.13,0.72,3.45,7.69,6.79,40.51,-2.00,28.51,32.45,11.26,0.26,1.30
CRML,Critical Metals Corp,2026-10-01,Metals & Mining,1.06,1.94,0.00,0.00,0.00,98.39,0.00,0.00,0.00,-133.90,0.00,0.75
CHD,Church & Dwight Co Inc,2026-10-01,Consumer products,22.32,0.48,1.29,29.98,24.26,-11.78,46.61,2.69,11.96,17.78,0.52,1.15
RELY,Remitly Global Inc,2026-10-01,Financial Services,4.55,0.51,0.00,14.91,17.95,21.02,2130.02,23.79,16.85,32.97,0.00,3.18
CBNK,Capital Bancorp Inc,2026-10-01,Banking,0.65,0.51,1.22,11.43,9.77,86.74,27.37,0.00,0.00,13.85,0.00,0.00
VRRM,Verra Mobility Corp,2026-09-28,Professional Services,0.80,0.40,0.00,11.23,3.43,27.61,12.27,11.10,4.40,14.86,4.63,2.06
AIR,AAR Corp,2026-10-01,Aerospace & Defense,4.02,1.15,0.00,21.80,17.21,78.22,1500.30,18.97,5.67,12.19,0.52,2.84
FWRD,Forward Air Corp (Delaware),2026-10-01,Logistics & Transportation,0.52,1.33,0.00,0.00,29222.83,-30.44,0.00,-0.11,-11.37,-75.30,21.29,1.32
NRG,NRG Energy Inc,2026-10-01,Utilities,20.38,1.23,2.16,23.91,9.98,7.63,62.08,12.80,2.56,25.38,4.79,0.97
HAFC,Hanmi Financial Corp,2026-10-01,Banking,0.93,0.73,3.66,10.12,9.75,15.20,37.34,43.95,33.58,11.20,0.16,0.00
PBF,PBF Energy Inc,2026-10-01,Energy,9.76,0.14,1.39,6.74,5.46,25.26,0.00,13.54,3.94,24.08,0.28,1.33
INBX,Inhibrx Biosciences Inc,2026-10-01,Biotechnology,1.44,3.16,0.00,0.00,0.00,-9.30,0.00,0.00,-5465.64,-269.56,12.58,5.07
TVTX,Travere Therapeutics Inc,2026-10-01,Biotechnology,5.36,1.08,0.00,0.00,32.37,-0.19,0.00,77.12,-7.35,-55.79,24.58,4.05
CG,Carlyle Group Inc,2026-10-01,Financial Services,14.39,1.85,3.50,39.61,8.60,0.55,-71.83,-41.88,10.08,6.61,2.63,0.53
BROS,Dutch Bros Inc,2026-10-01,"Hotels, Restaurants & Leisure",6.75,2.03,0.00,73.02,40.26,25.39,50.79,29.65,4.91,13.05,0.76,1.35
CDNL,Cardinal Infrastructure Group Inc,2026-10-01,Construction,1.41,0.38,0.00,47.20,14.65,2.06,0.00,0.00,3.62,29.63,0.83,3.59
OPK,OPKO Health Inc,2026-10-01,Health Care,1.17,1.52,0.00,0.00,0.00,-27.64,39.22,-28.95,-23.93,-5.88,0.30,3.35
FCX,Freeport-McMoRan Inc,2026-10-01,Metals & Mining,99.49,1.37,0.88,33.44,19.29,-22.77,53.11,-24.23,11.38,15.26,0.47,2.07
ATI,ATI Inc,2026-10-01,Aerospace & Defense,26.03,1.09,0.00,54.23,37.83,2.12,18.68,4.58,10.09,26.59,1.17,2.33
EVC,Entravision Communications Corp,2026-10-01,Media,0.68,1.78,2.74,159.66,0.00,-36.34,0.00,71.38,0.62,5.93,1.88,1.48
UBSI,United Bankshares Inc,2026-10-01,Banking,6.32,0.77,3.37,12.19,12.21,32.39,29.39,50.64,36.14,9.39,0.08,0.00
KNX,Knight-Swift Transportation Holdings Inc,2026-10-01,Road & Rail,10.65,1.21,1.17,246.89,19.00,-9.16,-74.11,4.07,0.56,0.61,0.34,0.88
BF.B,Brown-Forman Corp,2026-10-01,Beverages,12.02,0.20,3.54,16.68,15.54,2.24,-13.07,-0.84,18.42,17.80,0.61,3.26
USPH,US Physical Therapy Inc,2026-10-01,Health Care,1.23,1.16,2.15,39.78,25.71,-8.38,-15.66,11.32,3.97,6.79,0.49,1.27
NSC,Norfolk Southern Corp,2026-10-01,Road & Rail,69.69,1.22,1.74,26.38,22.54,-17.47,-20.82,2.97,21.02,16.80,1.02,0.83
BSY,"Bentley Systems, Inc",2026-10-01,Technology,9.89,1.05,0.86,34.12,21.24,10.21,16.84,12.85,18.10,24.10,1.01,0.59
ELMT,Elmet Group Co,2026-10-01,Machinery,0.62,-0.08,0.00,0.00,34.69,4.41,0.00,0.00,0.00,0.00,0.00,0.00
HTO,H2O America,2026-10-01,Utilities,2.52,0.34,2.54,23.65,22.53,21.64,-7.36,5.04,12.91,6.35,1.03,1.67
INSW,International Seaways Inc,2026-10-01,Energy,5.68,-0.04,7.26,7.29,11.23,35.60,225.76,57.36,61.98,37.04,0.28,5.94
INNV,InnovAge Holding Corp,2026-10-01,Health Care,1.20,0.13,0.00,0.00,24.29,200.50,0.00,15.93,-0.26,-1.05,0.27,1.05
ZURA,Zura Bio Ltd,2026-10-01,Biotechnology,0.53,-0.03,0.00,0.00,0.00,50.53,0.00,0.00,0.00,-54.45,0.00,12.90
GPK,Graphic Packaging Holding Co,2026-10-01,Packaging,2.65,0.68,4.93,13.61,9.38,22.96,-63.05,0.02,2.25,5.92,1.75,1.38
IPAR,Interparfums Inc,2026-10-01,Consumer products,3.58,1.10,2.83,21.57,22.45,-5.08,4.55,2.93,11.17,19.15,0.17,3.31
WFRD,Weatherford International PLC,2026-10-01,Energy,6.07,0.88,1.29,16.13,12.87,-7.66,-22.09,-7.17,7.66,21.51,0.83,2.34
AVTR,Avantor Inc,2026-10-01,Life Sciences Tools & Services,10.17,0.98,0.00,0.00,18.52,2.79,0.00,-1.57,-8.81,-10.34,0.66,1.78
ICUI,ICU Medical Inc,2026-10-01,Health Care,3.93,0.89,0.00,132.07,17.20,-0.74,0.00,-8.97,1.39,1.41,0.57,2.43
TCMD,Tactile Systems Technology Inc,2026-09-28,Health Care,0.52,0.95,0.00,20.91,16.42,4.78,73.09,17.22,7.10,11.49,0.00,4.12
CECO,CECO Environmental Corp,2026-10-01,Machinery,4.21,1.59,0.00,0.00,25.73,-24.22,0.00,37.64,-3.39,-4.06,0.35,1.50
ATKR,Atkore Inc,2026-10-01,Electrical Equipment,3.20,1.71,1.39,0.00,15.09,6.97,0.00,1.63,-5.55,-12.14,0.60,2.73
AGL,agilon health inc,2026-10-01,Health Care,1.38,3.13,0.00,0.00,0.00,-14.55,0.00,0.32,-3.92,-110.35,0.13,1.08
BCSF,Bain Capital Specialty Finance Inc,2026-10-01,Financial Services,0.72,0.66,16.96,11.31,7.88,43.61,-40.72,-6.95,24.22,5.79,1.39,5.70
VREX,Varex Imaging Corp,2026-10-01,Health Care,0.78,1.04,0.00,35.45,16.14,-15.84,0.00,5.31,2.55,4.60,0.71,3.38
DXC,DXC Technology Co,2026-10-01,Technology,1.86,0.83,0.00,15.25,4.49,-23.93,-65.45,-2.42,0.99,4.06,1.15,1.41
ZBIO,Zenas Biopharma Inc,2026-10-01,Biotechnology,2.04,0.70,0.00,0.00,0.00,0.03,0.00,-93.33,-11145.60,-189.68,1.57,9.93
PXED,Phoenix Education Partners Inc,2026-10-01,Diversified Consumer Services,0.91,0.34,0.00,11.06,5.70,-13.66,0.00,0.00,8.18,29.02,0.00,1.92
WABC,Westamerica Bancorp,2026-10-01,Banking,1.35,0.59,3.39,12.16,12.67,73.30,-5.30,44.25,50.13,12.31,0.15,0.00
OLN,Olin Corp,2026-10-01,Chemicals,1.82,1.18,5.26,0.00,43.87,-8.69,0.00,0.60,-2.94,-10.87,1.77,1.42
JOBY,Joby Aviation Inc,2026-10-01,Airlines,5.92,2.83,0.00,0.00,0.00,-36.89,0.00,69860.36,-755.11,-58.25,0.40,17.98
YOU,Clear Secure Inc,2026-10-01,Technology,7.50,1.00,1.36,37.20,17.67,44.74,31.12,19.77,14.78,82.40,0.00,1.04
PACB,Pacific Biosciences of California Inc,2026-10-01,Life Sciences Tools & Services,0.78,2.27,0.00,0.00,0.00,126.47,0.00,2.02,-82.49,-488.45,272.23,4.92
STC,Stewart Information Services Corp,2026-10-01,Insurance,1.55,1.04,4.16,11.30,9.54,48.81,46.74,22.26,4.13,8.40,0.39,0.35
FFIV,F5 Inc,2026-10-01,Communications,25.12,1.04,0.00,34.80,25.11,-4.49,10.69,9.41,21.95,19.86,0.00,1.66
HON,Honeywell International Inc,2026-10-01,Industrial Conglomerates,67.76,0.92,4.60,7.75,22.37,-4.64,169.74,-0.11,22.09,53.60,1.83,1.21
BATRK,Atlanta Braves Holdings Inc,2026-10-01,Media,3.39,0.79,0.00,0.00,0.00,-9.87,0.00,6.77,-8.56,-12.11,1.73,0.49
CNOB,ConnectOne Bancorp Inc,2026-10-01,Banking,1.53,1.06,2.89,9.30,8.79,-0.60,212.22,39.16,35.24,10.11,0.12,0.00
SWX,Southwest Gas Holdings Inc,2026-10-01,Utilities,5.92,0.57,3.06,11.37,17.21,71.80,166.80,-15.28,29.83,12.89,0.85,1.12
BOOT,Boot Barn Holdings Inc,2026-10-01,Retail,3.66,1.74,0.00,15.04,13.20,10.19,25.09,17.65,10.35,18.78,0.01,2.53
FSLR,First Solar Inc,2026-10-01,Semiconductors,18.50,1.77,0.00,10.54,9.24,15.91,38.70,23.82,32.47,18.02,0.01,2.52
BALL,Ball Corp,2026-10-01,Packaging,14.96,0.98,1.44,15.77,13.69,-9.53,82.34,15.56,6.61,17.05,1.26,1.07
RH,RH,2026-10-01,Retail,2.28,1.97,0.00,20.74,23.74,-13.82,4.59,3.35,3.23,184.91,26.97,1.12
RMD,Resmed Inc,2026-10-01,Health Care,31.90,0.78,1.09,21.10,18.01,-10.85,9.76,9.85,26.94,23.88,0.10,3.10
AVBP,ArriVent BioPharma Inc,2026-10-01,Biotechnology,1.43,1.41,0.00,0.00,0.00,39.45,0.00,0.00,0.00,-50.26,0.00,14.16
ED,Consolidated Edison Inc,2026-10-01,Utilities,38.14,0.25,3.18,17.21,16.26,0.44,10.41,9.49,12.54,8.90,1.08,1.27
PTON,Peloton Interactive Inc,2026-10-01,Leisure Products,2.18,2.63,0.00,34.69,15.26,-3.22,0.00,-1.80,2.58,-418.41,55.20,2.84
SENS,Senseonics Holdings Inc,2026-10-01,Health Care,0.53,1.03,0.00,0.00,0.00,22.01,0.00,90.63,-225.34,-165.83,0.62,6.74
WULF,Terawulf Inc,2026-10-01,Technology,8.83,4.01,0.00,0.00,0.00,-15.88,0.00,14.65,-1179.94,-853.09,35.40,0.75
HRMY,Harmony Biosciences Holdings Inc,2026-10-01,Pharmaceuticals,2.30,1.01,0.00,12.71,9.68,23.22,-0.38,24.25,18.88,20.06,0.15,3.48
DDD,3D Systems Corp,2026-10-01,Machinery,0.59,2.85,0.00,0.00,0.00,-26.73,0.00,-6.22,-14.15,-22.63,0.37,3.40
PII,Polaris Inc,2026-10-01,Leisure Products,2.98,1.41,5.10,0.00,16.23,9.62,0.00,8.43,-3.50,-29.22,2.33,1.20
WGS,GeneDx Holdings Corp,2026-10-01,Health Care,2.05,2.04,0.00,0.00,88.39,16.37,0.00,25.42,-23.40,-38.72,0.40,3.30
AU,Anglogold Ashanti PLC,2026-10-01,Metals & Mining,47.57,0.71,6.50,12.46,11.07,-8.83,73.24,29.38,32.19,45.77,0.20,2.71
FDS,Factset Research Systems Inc,2026-10-01,Financial Services,9.87,0.73,1.68,18.30,14.04,-10.77,-6.44,6.65,21.54,25.61,0.68,0.60
NEU,NewMarket Corp,2026-10-01,Chemicals,8.47,0.59,1.31,19.31,0.00,7.78,-7.85,-1.31,15.80,24.63,0.47,2.25
SLS,Sellas Life Sciences Group Inc,2026-10-01,Biotechnology,2.29,2.72,0.00,0.00,0.00,-27.08,0.00,0.00,-736.21,-35.91,0.00,18.83
MBWM,Mercantile Bank Corp,2026-10-01,Banking,1.02,0.85,2.53,10.53,10.27,-15.50,12.98,59.29,36.97,13.25,0.51,0.00
TGTX,TG Therapeutics Inc,2026-10-01,Biotechnology,8.21,1.90,0.00,19.34,26.42,-9.34,633.73,76.08,55.22,72.30,1.23,4.27
AUGO,Aura Minerals Inc,2026-10-01,Metals & Mining,6.61,0.04,2.83,22.25,11.37,11.51,0.00,89.45,23.18,88.71,1.00,1.06
CXT,Crane NXT Co,2026-10-01,Electrical Equipment,2.77,1.08,1.45,19.72,10.53,-22.41,-7.55,17.28,7.78,11.29,1.15,1.42
TECH,Bio-Techne Corp,2026-10-01,Life Sciences Tools & Services,11.35,1.30,0.44,62.45,34.57,-14.81,158.94,-0.38,14.97,8.90,0.09,4.55
ABG,Asbury Automotive Group Inc,2026-10-01,Retail,3.20,0.82,0.00,6.08,6.75,32.07,-2.43,4.13,2.83,13.04,1.35,0.91
FIGS,Figs Inc,2026-10-01,"Textiles, Apparel & Luxury Goods",2.34,1.15,0.00,37.78,38.40,-14.77,686.62,24.67,8.72,14.37,0.00,4.96
FLEX,Flex Ltd,2026-10-01,Electrical Equipment,41.66,1.78,0.00,42.92,19.72,-31.57,13.65,12.25,3.32,9.53,0.73,1.36
DVN,Devon Energy Corp,2026-10-01,Energy,51.88,0.52,1.61,15.53,8.91,16.89,-5.34,14.64,16.67,14.90,0.27,0.72
TRVI,Trevi Therapeutics Inc,2026-10-01,Pharmaceuticals,2.02,1.09,0.00,0.00,0.00,-10.64,0.00,0.00,0.00,-23.59,0.00,37.28
RPRX,Royalty Pharma PLC,2026-10-01,Pharmaceuticals,33.14,0.39,1.21,40.53,10.39,-9.40,-15.92,10.01,32.14,12.25,1.31,2.80
CBC,Central Bancompany Inc,2026-10-01,Banking,7.55,0.11,1.38,17.59,15.94,122.63,0.00,0.00,0.00,11.66,0.24,0.00
PENN,PENN Entertainment Inc,2026-10-01,"Hotels, Restaurants & Leisure",1.95,1.44,0.00,0.00,11.37,6.45,0.00,6.14,-12.66,-48.47,3.85,0.89
SUNB,Sunbelt Rentals Holdings Inc,2026-10-01,Trading Companies & Distributors,30.98,1.43,2.57,21.75,16.88,8.41,-5.09,5.82,12.03,18.46,1.15,0.94
INGR,Ingredion Inc,2026-10-01,Food Products,5.99,0.64,3.51,10.12,8.80,-9.10,-10.35,-1.38,8.21,13.59,0.39,2.80
MPB,Mid Penn Bancorp Inc,2026-10-01,Banking,0.91,0.50,2.41,13.11,9.94,-28.84,18.38,43.17,24.11,8.02,0.16,0.00
DLX,Deluxe Corp,2026-10-01,Commercial Services & Supplies,1.05,1.28,5.32,10.52,5.96,12.27,70.11,0.29,4.76,14.64,2.02,1.20
CXW,CoreCivic Inc,2026-10-01,Commercial Services & Supplies,3.21,0.63,0.00,25.53,1.92,52.40,33.31,24.35,5.15,8.96,0.94,1.32
AIP,Arteris Inc,2026-10-01,Technology,1.18,1.94,0.00,0.00,931.57,-13.15,0.00,33.81,-46.70,-62.69,0.05,1.57
HWC,Hancock Whitney Corp,2026-10-01,Banking,5.77,1.02,2.75,13.47,10.39,10.50,-5.93,49.43,33.50,9.61,0.18,0.00
FELE,Franklin Electric Co Inc,2026-10-01,Machinery,4.27,1.02,1.18,26.99,19.14,35.85,-10.23,7.38,7.06,11.59,0.17,2.41
IRON,Disc Medicine Inc,2026-10-01,Biotechnology,2.44,0.99,0.00,0.00,0.00,12.48,0.00,0.00,0.00,-37.17,0.09,24.14
IDYA,IDEAYA Biosciences Inc,2026-10-01,Biotechnology,3.65,0.05,0.00,0.00,0.00,10.21,0.00,3118.14,-74.75,-16.47,0.00,10.45
RCBC,River City Bank,2026-10-01,Banking,0.74,0.22,0.00,0.00,10.36,227.38,0.00,0.00,0.00,0.00,0.00,0.00
SMBC,Southern Missouri Bancorp Inc,2026-10-01,Banking,0.79,0.81,1.43,10.82,10.51,-13.26,24.20,62.21,26.71,12.54,0.06,0.00
UCB,United Community Banks Inc,2026-10-01,Banking,4.07,0.91,3.11,10.47,10.55,-3.07,37.38,0.00,0.00,10.33,0.10,0.00
SNDK,Sandisk Corp,2026-10-01,Technology,261.75,3.65,0.00,22.28,8.43,-27.82,0.00,175.30,56.46,93.13,0.00,2.29
NBN,Northeast Bank,2026-10-01,Banking,1.07,0.65,0.03,9.87,8.50,-3.15,26.50,123.89,37.38,19.35,0.00,0.00
RSVR,Reservoir Media Inc,2026-10-01,Media,0.64,0.83,0.00,72.59,69.53,71.95,15.79,11.41,4.87,2.34,1.22,1.31
JXN,Jackson Financial Inc,2026-10-01,Financial Services,8.77,1.38,3.17,85.14,4.39,70.41,164.74,10.18,1.59,1.04,0.28,0.00
DELL,Dell Technologies Inc,2026-10-01,Technology,344.45,1.41,0.46,30.13,19.14,-9.50,145.25,49.03,7.53,130.70,5.36,0.96
HRI,Herc Holdings Inc,2026-10-01,Trading Companies & Distributors,4.41,2.06,2.14,88.83,14.32,94.08,68.95,28.50,1.01,2.56,4.24,1.10
LOPE,Grand Canyon Education Inc,2026-10-01,Diversified Consumer Services,4.01,0.66,0.00,17.82,13.39,1.72,0.34,6.97,19.63,31.24,0.00,2.82
EGY,VAALCO Energy Inc,2026-10-01,Energy,0.61,0.21,4.43,0.00,38.27,10.12,0.00,-25.46,-31.11,-25.99,0.63,0.44
WOOF,Petco Health and Wellness Company Inc,2026-10-01,Retail,0.90,1.56,0.00,24.10,9.84,-6.89,0.00,-1.32,0.51,2.58,1.22,0.90
BLLN,BillionToOne Inc,2026-10-01,Health Care,4.99,0.15,0.00,133.18,133.15,6.33,0.00,0.00,9.49,8.86,0.17,11.69
REYN,Reynolds Consumer Products Inc,2026-10-01,Consumer products,4.62,0.56,4.16,13.42,13.34,11.20,10.33,2.71,9.09,15.28,0.66,1.80
ULTA,Ulta Beauty Inc,2026-10-01,Retail,22.99,0.85,0.00,19.20,17.89,-32.11,5.21,11.16,9.34,45.40,0.13,1.35
PFG,Principal Financial Group Inc,2026-10-01,Insurance,24.03,0.89,2.90,15.38,11.16,8.25,41.98,3.33,9.86,13.12,0.36,0.00
TRMB,Trimble Inc,2026-10-01,Technology,13.41,1.35,0.00,0.00,14.80,-20.50,0.00,7.72,-1.55,-1.06,0.29,0.95
HROW,Harrow Inc,2026-10-01,Pharmaceuticals,1.15,0.13,0.00,0.00,21.43,-0.53,0.00,21.05,-13.51,-103.86,19.24,2.24
ICE,Intercontinental Exchange Inc,2026-10-01,Financial Services,85.03,0.88,1.33,21.22,17.74,-31.15,35.87,6.95,30.08,13.85,0.67,1.01
SRRK,Scholar Rock Holding Corp,2026-10-01,Biotechnology,5.62,0.76,0.00,0.00,0.00,55.71,0.00,0.00,-236.96,-159.12,0.77,7.02
CWBC,Community West Bancshares,2026-10-01,Banking,0.71,0.85,2.10,19.35,9.59,-23.77,33.43,18.43,21.21,7.90,0.12,0.00
INVX,Innovex International Inc,2026-10-01,Energy,1.92,1.00,0.00,31.20,17.16,36.94,-67.83,15.03,6.17,5.88,0.02,5.01
EIG,Employers Holdings Inc,2026-10-01,Insurance,0.87,0.50,3.13,113.93,19.87,1.37,-83.20,-5.83,0.91,0.82,0.15,0.33
H,Hyatt Hotels Corp,2026-10-01,"Hotels, Restaurants & Leisure",15.19,1.40,0.38,192.22,35.04,-3.11,-80.90,2.95,1.10,2.37,1.29,0.62
NVR,NVR Inc,2026-10-01,Consumer products,16.33,0.92,0.00,14.04,17.02,27.36,-18.58,-10.14,11.84,31.02,0.27,2.93
EOLS,Evolus Inc,2026-10-01,Pharmaceuticals,0.51,1.41,0.00,0.00,52.64,-29.04,0.00,13.87,-10.85,-410.18,22.00,1.70
AAL,American Airlines Group Inc,2026-10-01,Airlines,8.69,1.45,0.00,0.00,9.07,-20.17,0.00,7.53,-0.56,265.62,157.71,0.53
ASH,Ashland Inc,2026-10-01,Chemicals,3.14,0.38,2.43,61.38,16.35,-15.16,0.00,-1.39,2.77,2.71,0.73,3.05
AVT,Avnet Inc,2026-10-01,Electrical Equipment,8.39,1.13,1.37,25.05,8.47,14.67,46.12,24.47,1.21,6.77,0.64,1.78
WRBY,Warby Parker Inc,2026-10-01,Retail,3.19,1.95,0.00,432.90,49.26,40.82,0.00,10.99,0.85,2.06,0.00,2.27
GERN,Geron Corp,2026-10-01,Biotechnology,0.78,0.58,0.00,0.00,40.38,-10.75,0.00,24.39,-33.05,-29.32,1.14,6.92
SMR,Nuscale Power Corp,2026-10-01,Electrical Equipment,3.35,2.40,0.00,0.00,0.00,9.43,0.00,-80.95,-3888.70,-31.82,0.00,37.88
TDS,Telephone and Data Systems Inc,2026-10-01,Telecommunication,3.79,0.39,2.35,8.90,30.34,41.42,0.00,-73.81,33.20,8.63,0.13,3.82
FET,Forum Energy Technologies Inc,2026-10-01,Energy,0.94,0.74,0.00,0.00,20.52,-6.46,0.00,3.93,-0.19,-0.55,0.50,2.19
FFBC,First Financial Bancorp,2026-10-01,Banking,3.31,0.98,3.11,11.37,9.59,21.93,13.23,66.58,31.43,10.07,0.14,0.00
BTSG,Brightspring Health Services Inc,2026-10-01,Health Care,11.33,1.91,0.00,30.68,26.33,-17.02,440.76,19.91,2.55,18.96,1.08,1.59
COO,Cooper Companies Inc,2026-10-01,Health Care,10.92,0.84,0.00,18.84,11.83,58.80,44.17,4.73,13.46,6.88,0.31,1.22
HWM,Howmet Aerospace Inc,2026-10-01,Aerospace & Defense,91.08,1.31,0.21,48.85,36.55,-12.17,35.22,18.08,20.52,34.41,0.79,1.82
HYMC,Hycroft Mining Holding Corporation,2026-10-01,Metals & Mining,1.76,2.79,0.00,0.00,0.00,20.67,0.00,0.00,-183.06,-46.86,0.00,39.21
CE,Celanese Corp,2026-10-01,Chemicals,4.85,0.73,0.27,0.00,7.68,22.51,0.00,-2.28,-12.04,-28.81,2.88,1.45
ZS,Zscaler Inc,2026-10-01,Technology,24.00,0.87,0.00,0.00,42.45,-18.11,0.00,25.42,-1.88,-2.76,0.65,1.70
RPM,RPM International Inc,2026-10-01,Chemicals,12.66,1.03,2.19,18.76,16.26,-22.22,-3.49,6.66,8.41,20.93,0.77,1.68
BCRX,BioCryst Pharmaceuticals Inc,2026-10-01,Biotechnology,2.07,0.57,0.00,0.00,0.00,31.95,0.00,68.72,-40.90,-328.82,2.26,2.32
KRUS,Kura Sushi USA Inc,2026-10-01,"Hotels, Restaurants & Leisure",0.50,1.36,0.00,0.00,136.75,-11.55,0.00,18.39,-0.65,-0.90,0.00,1.26
PLSE,Pulse Biosciences Inc,2026-10-01,Health Care,3.62,1.65,0.00,0.00,0.00,23.71,0.00,0.00,-6755.78,-94.42,0.00,9.63
FND,Floor & Decor Holdings Inc,2026-10-01,Retail,4.90,1.59,0.00,21.06,23.31,3.63,9.96,2.42,4.93,9.55,0.08,1.33
FLYW,Flywire Corp,2026-10-01,Financial Services,2.14,1.34,0.00,62.77,28.91,-21.52,539.81,32.21,4.77,4.08,0.00,1.52
BEN,Franklin Resources Inc,2026-10-01,Financial Services,16.51,1.61,4.25,20.11,10.40,11.69,152.78,7.94,8.72,6.76,1.34,1.16
L,Loews Corp,2026-10-01,Insurance,21.48,0.51,0.24,12.67,0.00,39.86,29.81,3.42,9.01,9.02,0.47,287.78
THG,Hanover Insurance Group Inc,2026-10-01,Insurance,7.55,0.28,1.75,10.05,11.08,13.38,37.57,5.35,11.21,21.22,0.23,0.00
PNC,PNC Financial Services Group Inc,2026-10-01,Banking,88.07,0.93,3.50,11.42,10.96,6.30,22.76,72.27,28.83,12.34,0.71,0.00
RAPP,Rapport Therapeutics Inc,2026-10-01,Pharmaceuticals,1.58,1.90,0.00,0.00,0.00,83.57,0.00,0.00,0.00,-29.02,0.00,15.72
NPO,Enpro Inc,2026-10-01,Machinery,6.69,1.64,0.41,149.27,28.90,-17.93,-48.54,13.25,3.60,2.84,0.36,2.28
LSTR,Landstar System Inc,2026-10-01,Road & Rail,5.77,0.87,2.13,43.81,23.53,-23.37,-19.01,4.03,2.64,15.87,0.17,1.82
TRIN,Trinity Capital Inc,2026-10-01,Financial Services,1.66,0.73,11.36,12.01,8.15,-15.97,-11.97,26.04,43.45,13.23,1.16,0.92
ADEA,Adeia Inc,2026-10-01,Technology,2.79,1.60,0.78,22.84,16.62,-21.49,45.93,24.35,26.05,26.70,0.81,3.25
LH,Labcorp Holdings Inc,2026-10-01,Health Care,24.70,0.89,0.96,24.88,16.01,30.99,33.32,6.41,6.99,11.57,0.69,1.80
MDLZ,Mondelez International Inc,2026-10-01,Food Products,73.72,0.39,3.46,20.86,18.66,5.40,-0.41,6.93,8.86,13.47,0.81,0.60
AXGN,AxoGen Inc,2026-10-01,Health Care,2.34,1.25,0.00,0.00,69.06,-5.22,0.00,23.57,-13.36,-17.88,0.00,6.60
BAM,BROOKFIELD ASSET MANAGEMENT LTD,2026-10-01,Financial Services,73.00,1.64,4.14,26.04,22.14,5.00,17.69,132.68,50.00,33.63,0.58,1.41
AMLX,Amylyx Pharmaceuticals Inc,2026-10-01,Pharmaceuticals,3.52,-0.09,0.00,0.00,0.00,-33.88,0.00,0.00,-94.56,-52.92,0.00,12.12
INOD,Innodata Inc,2026-10-01,Professional Services,2.47,3.09,0.00,48.36,47.32,45.89,3.12,39.02,14.66,37.77,0.00,1.73
UPST,Upstart Holdings Inc,2026-10-01,Financial Services,2.23,2.55,0.00,37.02,8.48,7.75,0.00,46.30,4.84,8.59,2.51,1.55
ARWR,Arrowhead Pharmaceuticals Inc,2026-10-01,Biotechnology,9.15,1.33,0.00,0.00,0.00,20.80,0.00,16.85,-47.79,-60.54,2.70,5.90
OBT,Orange County Bancorp Inc,2026-09-28,Banking,0.51,0.39,1.77,10.66,10.24,4.46,38.74,47.64,29.88,16.44,0.08,0.00
AJG,Arthur J. Gallagher & Co.,2026-10-01,Insurance,59.42,0.51,1.17,37.90,15.91,-2.29,-8.82,26.33,9.96,6.68,0.57,1.05
ALLO,Allogene Therapeutics Inc,2026-10-01,Biotechnology,0.53,0.73,0.00,0.00,0.00,-15.41,0.00,0.00,-919.76,-35.31,0.00,10.72
VRT,Vertiv Holdings Co,2026-10-01,Electrical Equipment,92.90,2.12,0.09,53.64,28.31,-22.79,111.16,26.23,15.09,42.11,0.62,1.38
VICR,Vicor Corp,2026-10-01,Electrical Equipment,14.23,2.44,0.00,101.05,49.26,33.75,115.29,24.95,30.65,19.83,0.00,13.25
LMT,Lockheed Martin Corp,2026-10-01,Aerospace & Defense,116.66,0.13,2.71,18.61,16.25,11.01,52.80,7.20,8.16,86.24,2.34,1.19
BOH,Bank of Hawaii Corp,2026-10-01,Banking,2.71,0.73,4.94,11.51,11.14,52.85,37.36,38.57,28.98,12.78,0.03,0.00
AXP,American Express Co,2026-10-01,Financial Services,204.00,1.12,1.20,17.63,15.68,34.96,15.53,9.48,14.09,34.12,6.30,0.26
ARDT,Ardent Health Inc,2026-10-01,Health Care,1.45,0.82,0.00,18.32,10.73,-17.50,-69.67,3.34,1.22,6.00,0.82,2.10
DLB,Dolby Laboratories Inc,2026-10-01,Technology,5.53,0.80,2.42,24.51,12.78,11.08,-13.35,0.55,16.70,8.68,0.00,3.19
TMO,Thermo Fisher Scientific Inc,2026-10-01,Life Sciences Tools & Services,241.26,0.86,0.27,35.31,24.57,19.39,7.52,7.23,15.03,13.33,0.81,1.55
NN,NextNav Inc,2026-10-01,Technology,2.32,1.19,0.00,0.00,0.00,-5.41,0.00,-36.46,-2812.55,-10.09,0.00,25.63
AUB,Atlantic Union Bankshares Corp,2026-10-01,Banking,5.49,0.83,4.00,11.23,9.78,23.94,60.05,48.07,30.48,9.68,0.18,0.00
GFF,Griffon Corp,2026-10-01,Building,4.22,1.48,0.93,23.41,15.78,10.13,192.58,-12.03,8.08,176.12,9.81,2.41
GIS,General Mills Inc,2026-10-01,Food Products,16.93,0.00,7.84,0.00,11.78,14.00,0.00,-4.49,-4.89,-10.69,1.83,0.70
MANH,Manhattan Associates Inc,2026-10-01,Technology,11.90,0.90,0.00,56.51,34.84,-17.59,-2.60,6.48,18.67,85.23,0.00,0.98
SHC,Sotera Health Co,2026-10-01,Life Sciences Tools & Services,5.17,1.95,0.00,31.63,17.93,-17.71,579.33,8.15,13.44,26.75,3.36,2.80
BTBT,"Bit Digital, Inc",2026-10-01,Technology,0.58,3.50,0.14,0.00,0.00,-6.36,0.00,23.36,-237.19,-46.72,1.11,1.51
CWT,California Water Service Group,2026-10-01,Utilities,2.79,0.48,2.71,21.01,17.61,-14.35,-3.03,6.43,12.63,7.75,0.93,0.70
BC,Brunswick Corp,2026-10-01,Leisure Products,4.16,1.43,2.75,0.00,12.92,21.59,0.00,6.82,-1.53,-5.26,1.25,1.45
FOR,Forestar Group Inc,2026-10-01,Real Estate,1.33,1.44,0.00,7.61,9.04,41.23,4.22,11.76,9.87,9.42,0.43,0.92
NWL,Newell Brands Inc,2026-10-01,Consumer products,2.26,0.87,5.61,0.00,8.14,-45.88,0.00,-2.04,-3.05,-8.95,2.04,1.11
ZG,Zillow Group Inc,2026-10-01,Real Estate,7.73,2.03,0.00,112.03,11.30,22.89,0.00,17.67,1.96,1.18,0.11,1.92
MKC,McCormick & Company Inc,2026-10-01,Food Products,11.89,0.66,4.03,7.66,15.21,5.04,108.82,9.54,21.91,25.42,0.71,0.78
TRON,TRON Inc,2026-10-01,Leisure Products,0.65,4.21,0.00,95.38,0.00,-22.92,0.00,19.66,135.61,2.88,0.00,27.40
WASH,Washington Trust Bancorp Inc,2026-10-01,Banking,0.72,0.73,5.97,13.06,11.38,-21.38,0.00,64.58,25.59,10.18,0.04,0.00
ONT,Onterris Inc,2026-09-28,Commercial Services & Supplies,0.51,-0.27,0.27,0.00,0.00,0.37,0.00,-0.87,-1.44,-2.51,0.88,2.00
AMRZ,Amrize AG,2026-10-01,Construction,20.37,0.95,0.00,16.97,14.87,8.82,0.00,0.00,9.89,9.25,0.50,1.10
DSGN,Design Therapeutics Inc,2026-10-01,Biotechnology,0.77,1.71,0.00,0.00,0.00,1.11,0.00,0.00,0.00,-34.03,0.00,18.86
ROK,Rockwell Automation Inc,2026-10-01,Electrical Equipment,49.13,1.51,1.26,40.22,28.86,-14.17,24.94,11.31,13.38,33.32,0.93,1.08
ZTS,Zoetis Inc,2026-10-01,Pharmaceuticals,31.87,0.70,3.06,11.10,11.41,-25.98,4.59,1.41,27.49,69.25,2.87,3.08
VST,Vistra Corp,2026-10-01,Utilities,46.44,1.38,1.08,20.93,13.82,7.84,-4.94,18.61,11.69,41.50,3.74,0.97
EQH,Equitable Holdings Inc,2026-10-01,Financial Services,14.18,1.08,2.64,0.00,6.17,6.54,0.00,-7.07,-6.29,-198.15,89.65,5.67
CSW,CSW Industrials Inc,2026-10-01,Building,4.76,0.81,0.39,39.29,23.21,-8.80,-12.81,27.71,10.34,11.19,0.80,2.70
DORM,Dorman Products Inc,2026-10-01,Auto Components,3.65,1.02,0.00,16.32,13.31,-14.52,-1.53,3.30,10.18,14.76,0.29,3.60
MRK,Merck & Co Inc,2026-10-01,Pharmaceuticals,354.80,0.15,2.33,112.48,19.63,9.28,-80.70,4.64,4.77,6.60,1.29,1.32
LZB,La-Z-Boy Inc,2026-10-01,Consumer products,1.18,1.29,3.31,14.31,11.76,35.51,-9.31,0.20,3.86,7.86,0.00,1.66
SYF,Synchrony Financial,2026-10-01,Financial Services,23.27,1.43,2.18,6.56,7.16,-10.55,18.30,20.48,14.06,20.94,0.97,0.00
AAPL,Apple Inc,2026-10-01,Technology,4820.75,1.09,0.33,37.30,35.34,-21.50,32.61,14.24,27.62,137.18,0.78,1.00
HOOD,Robinhood Markets Inc,2026-10-01,Financial Services,99.93,2.52,0.00,48.23,46.55,-13.58,15.27,38.27,42.01,22.70,2.40,1.22
DUK,Duke Energy Corp,2026-10-01,Utilities,88.68,0.34,3.84,16.78,16.51,13.86,7.71,6.33,15.78,9.88,1.67,0.66
ABNB,Airbnb Inc,2026-10-01,"Hotels, Restaurants & Leisure",96.09,1.28,0.00,35.71,27.03,35.38,6.62,13.64,20.45,33.38,0.32,1.41
AEP,American Electric Power Company Inc,2026-10-01,Utilities,65.19,0.47,3.14,20.75,17.87,8.45,-15.36,10.60,14.09,10.00,1.64,0.50
SG,Sweetgreen Inc,2026-10-01,"Hotels, Restaurants & Leisure",1.03,1.83,0.00,75.58,0.00,-2.78,0.00,-0.65,2.01,3.21,0.00,1.43
LILAK,Liberty Latin America Ltd,2026-10-01,Telecommunication,1.63,0.79,0.00,0.00,0.00,-33.72,0.00,1.08,-2.20,-17.43,16.00,1.19
JBIO,Jade Biosciences Inc,2026-10-01,Biotechnology,0.88,1.80,0.00,0.00,0.00,-4.70,0.00,0.00,0.00,-49.11,0.00,14.93
CAG,Conagra Brands Inc,2026-10-01,Food Products,6.32,0.02,10.80,0.00,10.11,-5.59,0.00,-2.85,-16.99,-24.31,1.14,0.90
ZBH,"Zimmer Biomet Holdings, Inc",2026-10-01,Health Care,18.37,0.52,1.09,21.40,10.53,2.28,0.09,8.62,9.48,6.35,0.59,1.69
SAM,Boston Beer Company Inc,2026-10-01,Beverages,1.71,0.87,0.00,0.00,18.51,17.43,0.00,-6.06,-3.64,-8.89,0.00,1.05
WMT,Walmart Inc,2026-10-01,Retail,884.14,0.57,0.90,38.71,35.50,1.67,4.13,6.16,3.00,22.74,0.58,0.77
LITE,Lumentum Holdings Inc,2026-10-01,Communications,93.81,1.62,0.00,0.00,39.14,-2.53,0.00,83.22,-230.10,-300.07,0.35,1.68
CC,Chemours Co,2026-10-01,Chemicals,2.03,1.47,2.66,0.00,8.93,-21.47,0.00,-1.38,-5.24,-164.40,19.24,1.66
HHH,Howard Hughes Holdings Inc,2026-10-01,Real Estate,4.30,1.19,0.00,15.05,20.84,113.00,8.55,33.99,12.31,7.18,1.10,1.73
NABL,N-Able Inc,2026-10-01,Technology,0.82,0.44,0.00,0.00,11.15,56.67,0.00,10.67,-0.88,-0.58,0.49,1.30
CVI,CVR Energy Inc,2026-10-01,Energy,5.46,0.86,0.19,75.90,30.15,15.68,0.00,17.88,0.81,10.48,3.40,1.42
MAS,Masco Corp,2026-10-01,Building,13.46,1.25,1.99,14.86,15.13,10.49,15.34,-0.56,11.60,279.76,14.33,1.86
VRSK,Verisk Analytics Inc,2026-10-01,Professional Services,21.85,0.69,1.17,24.67,20.43,-23.97,0.38,5.01,28.24,324.28,15.33,1.01
ANIP,ANI Pharmaceuticals Inc,2026-10-01,Pharmaceuticals,1.68,0.46,0.02,15.50,7.73,37.82,0.00,30.90,11.07,19.64,1.02,2.91
HIMS,Hims & Hers Health Inc,2026-10-01,Health Care,6.84,2.54,0.00,0.00,0.00,-25.20,0.00,28.04,-5.51,-30.03,4.21,0.93
GMED,Globus Medical Inc,2026-10-01,Health Care,9.99,1.00,0.00,18.78,14.88,2.65,50.93,19.74,17.03,11.59,0.00,4.62
RXRX,Recursion Pharmaceuticals Inc,2026-10-01,Biotechnology,2.18,1.18,0.00,0.00,0.00,33.13,0.00,-15.08,-945.92,-50.41,0.02,5.03
MOS,Mosaic Co,2026-10-01,Chemicals,6.85,0.88,4.23,0.00,21.07,-6.95,0.00,8.84,-5.21,-5.31,0.51,1.34
KD,Kyndryl Holdings Inc,2026-10-01,Technology,2.64,1.77,0.00,30.00,6.53,2.91,-70.31,-0.62,0.59,7.54,3.80,0.85
HTFL,Heartflow Inc,2026-10-01,Health Care,4.25,1.84,0.00,0.00,0.00,14.63,0.00,0.00,-55.82,-42.25,0.00,5.08
RKLB,Rocket Lab Corp,2026-10-01,Aerospace & Defense,42.17,3.16,0.00,0.00,0.00,-0.08,0.00,52.53,-21.51,-7.56,0.01,5.48
SO,Southern Co,2026-10-01,Utilities,96.02,0.31,3.24,20.52,17.62,20.57,6.93,6.85,16.10,12.61,1.91,0.79
GENB,Generate Biomedicines Inc,2026-10-01,Biotechnology,1.77,0.38,0.00,0.00,0.00,24.18,0.00,0.00,0.00,0.00,0.01,8.30
NTRA,Natera Inc,2026-10-01,Biotechnology,58.88,1.57,0.00,0.00,0.00,42.69,0.00,37.82,-7.11,-11.73,0.04,3.00
BCC,Boise Cascade Co,2026-10-01,Trading Companies & Distributors,2.61,1.07,1.33,24.48,16.43,7.24,-56.81,-1.52,1.64,5.12,0.24,2.71
TWFG,TWFG Inc,2026-10-01,Insurance,1.34,0.64,0.00,147.54,20.77,-0.83,98.85,33.66,2.98,12.65,0.07,2.56
UNFI,United Natural Foods Inc,2026-10-01,Retail,2.70,1.11,0.00,32.20,13.39,11.55,0.00,-1.99,0.27,5.32,0.97,1.29
Z,Zillow Group Inc,2026-10-01,Real Estate,7.73,2.03,0.00,112.03,11.30,22.89,0.00,17.67,1.96,1.18,0.11,1.92
BEPC,Brookfield Renewable Corp,2026-10-01,Utilities,4.30,1.17,4.21,0.00,0.00,2.32,0.00,-1.52,-102.27,-67.86,124.04,0.40
NESR,National Energy Services Reunited Corp,2026-10-01,Energy,2.51,0.55,0.00,26.87,13.19,20.78,20.21,23.55,5.77,9.43,0.26,1.02
PSX,Phillips 66,2026-10-01,Energy,105.43,0.73,1.95,14.36,9.94,42.68,318.70,14.44,4.66,24.45,0.65,1.32
MORN,Morningstar Inc,2026-10-01,Financial Services,7.17,0.96,1.06,17.16,14.49,-16.81,12.01,9.33,16.43,35.29,1.67,1.06
DOV,Dover Corp,2026-10-01,Machinery,25.33,1.12,1.12,22.23,16.39,25.22,-49.91,7.56,13.48,15.00,0.42,1.98
IEX,IDEX Corp,2026-10-01,Machinery,16.94,0.95,1.26,32.69,24.06,3.63,12.42,7.32,14.49,12.91,0.46,3.05
LAUR,Laureate Education Inc,2026-10-01,Diversified Consumer Services,5.23,0.49,0.00,16.74,15.37,-2.05,31.40,17.89,17.57,28.60,0.19,0.71
OGE,OGE Energy Corp,2026-10-01,Utilities,9.43,0.49,3.69,20.14,17.68,31.96,-6.07,0.63,14.43,9.48,1.17,0.77
NKE,Nike Inc,2026-10-01,"Textiles, Apparel & Luxury Goods",52.14,1.06,4.53,17.08,21.40,46.17,-2.83,0.19,6.70,22.00,0.53,1.96
TBLA,Taboola.com Ltd,2026-10-01,Media,0.90,1.50,0.00,7.55,4.84,-25.98,922.92,8.00,6.05,12.80,0.08,1.11
MGEE,MGE Energy Inc,2026-10-01,Utilities,2.65,0.69,2.67,17.50,17.86,17.37,13.02,7.07,19.45,11.10,0.65,1.14
TFIN,Triumph Financial Inc,2026-10-01,Banking,1.46,1.51,0.22,37.09,31.09,-0.87,182.10,-0.19,11.53,4.09,0.12,0.00
IOVA,Iovance Biotherapeutics Inc,2026-10-01,Biotechnology,6.45,0.80,0.00,0.00,0.00,41.10,0.00,34.55,-89.09,-40.51,0.00,4.34
HNGE,Hinge Health Inc,2026-10-01,Health Care,7.90,1.52,0.00,71.94,42.24,-1.52,0.00,10.21,15.15,30.25,0.00,1.34
KVUE,Kenvue Inc,2026-10-01,Consumer products,33.08,0.47,4.69,20.46,14.41,-10.15,17.17,1.76,10.76,15.58,0.80,1.01
LFUS,Littelfuse Inc,2026-10-01,Electrical Equipment,11.06,1.51,0.69,0.00,21.82,-33.14,0.00,15.44,-0.31,-0.32,0.24,2.76
CON,Concentra Group Holdings Parent Inc,2026-10-01,Health Care,4.46,0.66,0.73,22.09,19.55,26.73,-24.01,14.02,8.69,47.30,3.30,1.38
PAR,PAR Technology Corp,2026-10-01,Technology,0.60,1.40,0.00,0.00,18.77,3.87,0.00,18.81,-14.52,-8.73,0.52,2.21
MCHP,Microchip Technology Inc,2026-10-01,Semiconductors,42.63,1.84,2.62,87.43,18.66,-14.79,0.00,20.93,9.34,7.32,0.83,1.92
RTX,RTX Corp,2026-10-01,Aerospace & Defense,249.35,0.32,1.49,32.28,24.89,-8.26,24.78,11.84,8.28,11.80,0.56,1.01
GD,General Dynamics Corp,2026-10-01,Aerospace & Defense,90.02,0.33,1.82,20.09,18.95,26.24,10.13,9.13,8.18,17.43,0.28,1.44
CTRI,Centuri Holdings Inc,2026-10-01,Construction,2.07,0.24,0.00,70.13,30.05,22.85,0.00,25.17,0.85,3.62,0.84,1.82
ICFI,ICF International Inc,2026-10-01,Professional Services,1.52,0.48,0.67,17.17,11.12,-14.96,-15.92,-7.89,4.86,8.57,0.39,1.39
QRVO,Qorvo Inc,2026-10-01,Semiconductors,9.90,1.46,0.00,25.30,15.23,28.70,400.67,-0.18,10.95,11.39,0.45,3.54
GBTG,Global Business Travel Group Inc,2026-09-28,"Hotels, Restaurants & Leisure",4.96,1.00,0.00,56.39,41.30,5.11,0.00,30.16,2.77,5.51,0.92,1.20
YORW,York Water Co,2026-10-01,Utilities,0.50,0.55,2.64,20.54,18.24,27.65,16.87,9.50,28.68,9.38,0.64,1.05
SLDB,Solid Biosciences Inc,2026-10-01,Biotechnology,0.75,2.62,0.00,0.00,0.00,8.52,0.00,0.00,-588.30,-72.28,0.00,13.82
UPBD,Upbound Group Inc,2026-10-01,Retail,0.91,1.89,10.17,9.84,3.73,12.36,-14.21,5.85,1.90,12.76,1.94,1.85
HAYW,Hayward Holdings Inc,2026-10-01,Building,2.60,1.20,0.00,16.09,14.15,76.84,23.65,7.78,13.83,10.20,0.60,3.33
CENTA,Central Garden & Pet Co,2026-10-01,Consumer products,2.18,0.67,0.00,12.87,12.93,-12.45,22.39,-1.16,5.39,10.15,0.68,3.79
ENSG,Ensign Group Inc,2026-10-01,Health Care,9.89,0.68,0.15,26.64,21.15,-42.83,15.73,18.89,6.90,16.54,0.06,1.21
WEST,Westrock Coffee Co,2026-10-01,Food Products,0.80,0.91,0.00,0.00,0.00,-23.41,0.00,38.57,-4.88,-24.28,2.50,0.97
HD,Home Depot Inc,2026-10-01,Retail,281.81,0.96,3.32,19.54,19.52,29.62,-2.94,2.50,8.41,102.68,3.18,1.08
CTNT,Cheetah Net Supply Chain Service Inc (Pre-Reincorporation),2026-09-28,Distributors,0.95,-0.89,0.00,0.00,0.00,773.82,0.00,4.83,-206.78,-7.88,0.01,47.55
WRLD,World Acceptance Corp,2026-10-01,Financial Services,0.84,1.22,0.00,20.18,12.82,-39.29,-46.44,4.26,6.65,11.00,1.58,0.07
VVX,V2X Inc,2026-10-01,Aerospace & Defense,2.22,0.22,0.00,24.15,11.37,27.10,31.61,12.99,1.88,8.35,0.94,1.32
JBI,Janus International Group Inc,2026-10-01,Building,0.57,1.41,0.00,17.14,7.54,52.97,-22.38,0.26,3.68,5.86,0.95,2.94
JOE,St Joe Co,2026-10-01,Real Estate,3.71,1.29,0.96,30.29,0.00,38.83,50.48,28.41,22.46,16.10,0.72,3.57
BRZE,Braze Inc,2026-10-01,Technology,2.91,0.91,0.00,0.00,29.93,-26.86,0.00,27.44,-13.55,-18.78,0.03,1.27
DCH,Dauch Corp,2026-10-01,Auto Components,1.29,1.77,0.00,0.00,5.73,43.76,0.00,40.98,-2.01,-15.15,3.33,1.40
HOG,Harley-Davidson Inc,2026-10-01,Automobiles,2.58,1.37,3.27,12.52,15.84,-14.61,-16.32,-5.25,4.78,6.29,0.72,1.90
ACRS,Aclaris Therapeutics Inc,2026-10-01,Pharmaceuticals,0.65,0.95,0.00,0.00,0.00,26.72,0.00,-51.05,-921.50,-61.65,0.00,3.46
DNUT,Krispy Kreme Inc,2026-10-01,"Hotels, Restaurants & Leisure",0.50,1.32,0.00,0.00,53.78,-19.33,0.00,-4.75,-6.16,-14.06,1.40,0.36
OKLO,Oklo Inc,2026-10-01,Utilities,6.72,1.29,0.00,0.00,0.00,-10.65,0.00,0.00,0.00,-7.11,0.00,48.46
ALK,Alaska Air Group Inc,2026-10-01,Airlines,4.41,1.42,0.00,0.00,0.00,6.28,0.00,9.79,-1.19,-4.50,1.70,0.55
SVRA,Savara Inc,2026-10-01,Biotechnology,1.04,0.30,0.00,0.00,0.00,48.16,0.00,0.00,-4253.85,-90.28,0.21,10.13
EAT,Brinker International Inc,2026-10-01,"Hotels, Restaurants & Leisure",8.12,1.41,0.00,16.87,14.68,73.67,44.75,36.41,8.39,123.85,1.00,0.45
GATX,GATX Corp,2026-10-01,Trading Companies & Distributors,5.96,1.22,1.56,16.20,16.82,30.47,15.60,22.81,17.94,13.35,4.43,0.99
IE,Ivanhoe Electric Inc,2026-10-01,Metals & Mining,1.60,1.30,0.00,0.00,0.00,12.44,0.00,-20.57,-1138.74,-7.81,0.07,5.05
CRI,Carter's Inc,2026-10-01,"Textiles, Apparel & Luxury Goods",1.16,0.84,3.18,5.89,8.64,28.16,42.62,5.17,6.55,20.84,0.55,2.47
GL,Globe Life Inc,2026-10-01,Insurance,12.74,0.46,0.71,10.46,10.41,-15.19,20.30,5.24,19.58,20.28,0.48,0.70
SHLS,Shoals Technologies Group Inc,2026-10-01,Electrical Equipment,1.37,1.87,0.00,42.97,15.60,-18.33,48.73,46.88,5.41,5.29,0.32,2.25
HUN,Huntsman Corp,2026-10-01,Chemicals,1.52,0.79,6.38,0.00,233.07,-41.65,0.00,0.65,-3.05,-6.67,0.78,1.33
IBRX,Immunitybio Inc,2026-10-01,Biotechnology,9.84,0.18,0.00,0.00,0.00,31.95,0.00,192.92,-598.56,-193.29,0.00,5.72
MASS,908 Devices Inc,2026-10-01,Electrical Equipment,0.52,0.63,0.00,0.00,0.00,18.18,0.00,0.72,-56.96,-25.63,0.00,2.67
BANC,Banc of California Inc,2026-10-01,Banking,2.77,0.77,4.00,0.00,10.70,-2.33,0.00,26.60,28.77,-0.64,0.20,0.00
CWST,Casella Waste Systems Inc,2026-10-01,Commercial Services & Supplies,4.97,0.74,0.00,856.97,62.18,-4.24,-50.47,13.59,0.29,0.36,0.85,0.99
TENB,Tenable Holdings Inc,2026-10-01,Technology,3.98,0.96,0.00,589.58,16.91,-18.02,0.00,9.93,0.65,2.41,1.79,0.79
BRBR,Bellring Brands Inc,2026-10-01,Consumer products,0.86,0.50,0.00,5.02,7.09,-18.92,-18.63,5.86,7.28,23.66,0.00,2.25
CLBK,Columbia Financial Inc,2026-10-01,Banking,3.01,0.28,0.00,51.80,15.81,30.77,332.28,29.29,20.35,4.98,1.02,0.00
PSMT,PriceSmart Inc,2026-10-01,Retail,5.17,0.81,0.78,32.65,27.35,-10.65,9.76,10.18,2.82,12.16,0.13,1.28
ARDX,Ardelyx Inc,2026-10-01,Biotechnology,0.84,0.73,0.00,0.00,35.92,0.63,0.00,16.77,-12.35,-36.00,1.69,3.34
SNEX,StoneX Group Inc,2026-10-01,Financial Services,7.89,0.64,0.00,14.97,15.67,-9.75,-40.81,20.58,0.33,20.18,8.01,0.47
TASK,Taskus Inc,2026-10-01,Professional Services,0.76,2.14,43.94,7.05,6.04,-0.14,71.39,11.38,8.75,24.65,1.64,2.95
PATH,UiPath Inc,2026-10-01,Technology,6.94,1.06,0.00,19.18,16.93,-27.78,1741.64,14.98,21.03,18.42,0.00,2.39
WEC,WEC Energy Group Inc,2026-10-01,Utilities,35.86,0.45,3.57,19.84,17.44,39.65,-1.13,6.82,17.36,12.18,1.62,0.53
CMG,Chipotle Mexican Grill Inc,2026-10-01,"Hotels, Restaurants & Leisure",40.90,1.00,0.00,28.55,28.12,-11.40,-4.17,7.31,11.42,53.26,0.00,0.72
ACAD,ACADIA Pharmaceuticals Inc,2026-10-01,Biotechnology,3.43,0.90,0.00,9.06,31.65,67.41,96.46,47.00,33.42,32.39,0.00,3.39
CARS,Cars.com Inc,2026-10-01,Media,0.54,1.70,0.00,14.97,4.76,4.75,-6.09,1.08,4.73,7.40,1.01,2.00
CSX,CSX Corp,2026-10-01,Road & Rail,86.21,1.14,1.17,26.60,21.19,2.58,6.36,2.52,22.21,24.07,1.34,0.82
AMD,Advanced Micro Devices Inc,2026-10-01,Semiconductors,1005.16,2.50,0.00,156.44,46.19,-4.27,124.33,39.54,15.58,10.07,0.05,2.61
KKR,KKR & Co Inc,2026-10-01,Financial Services,81.90,1.75,1.02,25.96,13.79,-6.98,54.54,30.47,13.89,10.32,1.74,0.38
BLBD,Blue Bird Corp,2026-10-01,Machinery,1.76,1.50,0.00,6.37,12.72,9.56,135.25,13.46,17.48,76.19,0.18,1.64
OPEN,Opendoor Technologies Inc,2026-10-01,Real Estate,2.33,3.86,0.00,0.00,0.00,-40.09,0.00,-37.19,-46.74,-165.15,2.14,2.94
LKFN,Lakeland Financial Corp,2026-10-01,Banking,1.44,0.80,3.62,12.90,13.26,17.53,19.25,54.18,36.27,14.67,0.00,0.00
BFH,Bread Financial Holdings Inc,2026-10-01,Financial Services,3.72,1.29,1.21,6.54,7.83,10.50,118.58,-1.05,12.57,17.07,5.35,1.36
KNSL,Kinsale Capital Group Inc,2026-10-01,Insurance,7.62,0.83,0.20,13.57,16.33,-15.37,28.93,15.08,29.63,29.06,0.11,0.00
NWBI,Northwest Bancshares Inc,2026-10-01,Banking,2.20,0.70,5.48,14.02,10.62,18.97,-7.34,31.74,25.15,8.07,0.13,0.00
COHU,Cohu Inc,2026-10-01,Semiconductors,3.33,1.57,0.00,0.00,40.64,-19.99,0.00,32.66,-7.43,-4.91,0.38,5.74
SSII,SS Innovations International Inc,2026-10-01,Health Care,0.55,-82.29,0.00,0.00,0.00,22.84,0.00,290.82,-23.73,-26.77,0.27,2.24
SIGI,Selective Insurance Group Inc,2026-10-01,Insurance,5.06,0.24,2.15,9.97,10.25,20.64,31.24,7.09,9.10,13.87,0.25,0.31
QS,Quantumscape Corp,2026-10-01,Auto Components,2.84,2.84,0.00,0.00,0.00,-39.12,0.00,0.00,0.00,-35.66,0.03,18.42
RIGL,Rigel Pharmaceuticals Inc,2026-10-01,Biotechnology,0.88,1.30,0.00,2.79,12.00,-19.32,196.12,3.31,116.30,96.49,0.09,1.94
MH,McGraw Hill Inc,2026-10-01,Diversified Consumer Services,2.50,0.33,0.00,27.06,6.61,-2.35,0.00,48.51,4.38,12.02,3.30,0.78
ISRG,Intuitive Surgical Inc,2026-10-01,Health Care,141.75,1.47,0.00,45.96,34.27,-16.26,21.76,20.66,28.45,17.81,0.00,4.96
HOV,Hovnanian Enterprises Inc,2026-10-01,Consumer products,0.67,1.97,1.68,35.16,28.82,-20.74,-90.48,-10.10,0.64,2.19,1.14,2.85
FIS,Fidelity National Information Services Inc,2026-10-01,Financial Services,17.07,0.90,5.07,5.12,5.33,4.46,3492.81,18.26,27.63,22.56,1.32,0.53
PROK,Prokidney Corp,2026-10-01,Biotechnology,0.52,1.95,0.00,0.00,0.00,66.97,0.00,55.22,-10288.39,-28.10,5.40,8.36
APEI,American Public Education Inc,2026-10-01,Diversified Consumer Services,0.79,1.49,0.00,17.23,13.80,5.35,60.62,3.64,6.84,15.30,0.28,3.25
RBLX,Roblox Corp,2026-10-01,Media,30.72,1.44,0.00,0.00,0.00,18.75,0.00,41.33,-17.60,-288.77,6.64,0.82
PM,Philip Morris International Inc,2026-10-01,Tobacco,293.30,0.39,3.06,27.07,21.16,5.91,31.96,8.93,25.56,575.44,186.08,0.98
WDAY,Workday Inc,2026-10-01,Technology,39.05,1.04,0.00,35.37,15.10,-41.96,127.88,13.35,12.32,16.78,0.46,0.91
KOPN,Kopin Corp,2026-10-01,Semiconductors,0.86,3.75,0.00,107.81,0.00,-24.14,0.00,-7.12,18.26,13.82,0.00,2.18
ICHR,Ichor Holdings Ltd,2026-10-01,Semiconductors,2.34,1.82,0.00,0.00,20.89,-26.11,0.00,9.10,-3.97,-5.61,0.14,3.70
UUUU,Energy Fuels Inc,2026-10-01,Energy,2.84,1.83,0.00,0.00,0.00,-8.23,0.00,62.51,-77.30,-11.29,0.85,27.90
NUE,Nucor Corp,2026-10-01,Metals & Mining,53.54,1.88,0.98,22.49,12.46,-1.10,79.23,12.27,6.82,11.16,0.33,2.90
IMVT,Immunovant Inc,2026-10-01,Biotechnology,6.95,0.93,0.00,0.00,0.00,32.85,0.00,0.00,0.00,-69.59,0.00,7.27
CTS,CTS Corp,2026-10-01,Electrical Equipment,1.71,0.98,0.28,23.82,20.95,1.83,13.11,8.31,12.37,12.52,0.10,2.61
SARO,"StandardAero, Inc.",2026-10-01,Aerospace & Defense,7.01,1.29,0.00,21.81,13.71,28.22,140.39,12.56,5.12,12.12,0.84,2.13
TXN,Texas Instruments Inc,2026-10-01,Semiconductors,256.91,1.41,2.01,42.13,27.80,-11.00,20.26,16.66,31.11,35.77,0.78,4.86
PRME,Prime Medicine Inc,2026-10-01,Biotechnology,0.54,2.35,0.00,0.00,0.00,19.11,0.00,-17.90,-4613.11,-188.27,0.00,3.05
KURA,Kura Oncology Inc,2026-10-01,Biotechnology,0.95,0.55,0.00,0.00,0.00,3.54,0.00,0.00,-384.30,-207.18,0.20,4.73
NJR,New Jersey Resources Corp,2026-10-01,Utilities,5.19,0.48,3.67,14.03,15.25,33.90,-11.74,10.73,26.22,14.42,1.40,0.66
XPRO,Expro Group Holdings NV,2026-10-01,Energy,1.71,1.04,0.00,86.56,15.39,-19.59,-70.69,-7.11,1.33,1.37,0.06,2.05
BKU,BankUnited Inc,2026-10-01,Banking,3.04,1.28,3.16,10.98,10.08,25.59,7.20,66.46,22.29,9.04,0.19,0.00
METCB,Ramaco Resources Inc,2026-09-28,Metals & Mining,0.52,1.30,0.00,0.00,0.00,11.19,0.00,-17.65,-11.98,-13.54,1.25,4.23
FTNT,Fortinet Inc,2026-10-01,Technology,131.13,1.00,0.00,61.33,47.18,-17.68,13.27,18.77,28.17,187.95,0.32,1.28
SSRM,SSR Mining Inc,2026-10-01,Metals & Mining,6.81,-0.12,0.00,28.91,8.23,-14.87,41.55,48.40,12.30,6.86,0.00,9.79
AVPT,AvePoint Inc,2026-10-01,Technology,2.98,1.22,0.00,41.76,27.14,4.27,0.00,24.95,15.33,15.70,0.00,2.00
MIDD,Middleby Corp,2026-10-01,Machinery,4.64,1.33,0.00,0.00,15.03,-11.84,0.00,-21.06,-15.54,-18.30,0.90,1.99
AES,AES Corp,2026-10-01,Utilities,10.64,0.94,4.71,5.69,6.38,9.05,84.80,8.49,14.34,43.31,6.50,0.75
LUV,Southwest Airlines Co,2026-10-01,Airlines,20.47,1.24,2.85,24.44,9.90,19.96,141.54,9.46,2.78,11.27,0.84,0.49
SBGI,Sinclair Inc,2026-10-01,Media,0.90,1.26,7.86,17.37,10.31,6.27,-2.54,-6.46,1.60,12.71,10.68,1.94
LVS,Las Vegas Sands Corp,2026-10-01,"Hotels, Restaurants & Leisure",23.76,0.77,3.34,14.02,11.83,25.35,29.56,18.11,12.59,139.84,26.27,1.00
LPX,Louisiana-Pacific Corp,2026-10-01,Paper & Forest,4.51,1.71,1.85,80.90,28.71,-5.63,-81.69,-14.34,2.19,3.11,0.20,3.22
SUPN,Supernus Pharmaceuticals Inc,2026-10-01,Pharmaceuticals,2.46,0.53,0.00,0.00,11.59,-13.71,0.00,24.85,-13.23,-10.42,0.00,2.08
CTKB,Cytek Biosciences Inc,2026-10-01,Life Sciences Tools & Services,0.76,1.17,0.00,0.00,0.00,34.46,0.00,5.44,-38.98,-23.53,0.03,4.48
LW,Lamb Weston Holdings Inc,2026-10-01,Food Products,5.66,0.54,3.68,19.43,14.82,10.21,-16.64,2.50,4.39,16.12,2.15,1.42
SWIM,Latham Group Inc,2026-10-01,Leisure Products,0.74,1.77,0.00,138.50,24.80,5.20,0.00,10.50,0.92,1.31,0.69,2.16
AVAH,Aveanna Healthcare Holdings Inc,2026-10-01,Health Care,2.71,2.08,0.00,9.88,15.12,24.74,1377.02,19.52,10.56,149.76,5.08,1.16
AMAL,Amalgamated Financial Corp,2026-10-01,Banking,1.43,0.77,1.32,12.52,10.62,31.20,12.11,48.86,31.54,14.12,0.08,0.00
TPR,Tapestry Inc,2026-10-01,"Textiles, Apparel & Luxury Goods",23.78,1.47,1.38,15.50,13.75,11.44,1030.94,14.17,19.09,262.81,3.44,1.75
DRS,Leonardo DRS Inc,2026-10-01,Aerospace & Defense,9.81,0.37,0.98,30.47,26.63,17.15,28.96,10.46,8.52,11.76,0.05,1.92
IMMX,Immix Biopharma Inc,2026-10-01,Biotechnology,0.73,0.22,0.00,0.00,0.00,18.87,0.00,0.00,0.00,-38.44,0.00,25.13
CGON,CG Oncology Inc,2026-10-01,Biotechnology,6.06,0.24,0.00,0.00,0.00,27.93,0.00,1030.31,-3602.68,-25.20,0.00,22.22
NBHC,National Bank Holdings Corp,2026-10-01,Banking,1.74,0.83,3.01,17.70,11.86,18.82,-22.99,99.23,29.25,6.47,0.13,0.00
ACLS,Axcelis Technologies Inc,2026-10-01,Semiconductors,4.22,1.83,0.00,45.54,24.17,-20.77,-39.19,-3.35,10.71,8.91,0.04,4.90
TDC,Teradata Corp,2026-10-01,Technology,2.78,0.64,0.00,6.03,11.05,-48.73,319.76,0.96,27.08,114.57,0.15,0.91
MDLN,Medline Inc,2026-10-01,Health Care,45.94,0.95,0.00,65.83,23.42,14.10,0.00,0.00,2.31,5.47,1.09,4.33
ELV,Elevance Health Inc,2026-10-01,Health Care,82.77,0.65,1.80,16.89,13.95,-10.05,-4.24,6.27,2.47,11.24,0.69,0.23
HYLN,Hyliion Holdings Corp,2026-10-01,Electrical Equipment,0.75,3.76,0.00,0.00,0.00,-43.12,0.00,163.22,-564.35,-27.94,0.00,7.59
GEF,Greif Inc,2026-10-01,Packaging,4.28,0.82,2.53,4.19,17.81,44.46,420.19,-24.38,25.04,33.40,0.35,1.29
CFG,Citizens Financial Group Inc,2026-10-01,Banking,26.83,1.11,3.41,12.63,10.59,3.78,37.20,62.73,24.56,8.14,0.40,0.00
WMS,Advanced Drainage Systems Inc,2026-10-01,Building,10.54,1.33,0.59,21.48,18.80,4.47,4.59,10.37,14.00,23.40,0.95,2.12
CENX,Century Aluminum Co,2026-10-01,Metals & Mining,3.56,2.18,0.00,5.76,3.61,-11.88,383.76,9.67,22.63,58.86,0.36,2.75
IBOC,International Bancshares Corp,2026-10-01,Banking,4.30,0.73,2.09,10.30,9.95,16.36,0.40,69.22,49.63,12.67,0.21,0.00
MHO,M/I Homes Inc,2026-10-01,Consumer products,3.42,1.68,0.00,10.52,11.22,-8.90,-34.83,-4.99,7.44,9.97,0.29,11.63
ST,Sensata Technologies Holding PLC,2026-10-01,Electrical Equipment,6.16,1.29,1.15,67.51,10.53,-27.13,-20.37,0.80,2.38,3.18,0.83,2.29
TXG,10X Genomics Inc,2026-10-01,Life Sciences Tools & Services,11.56,2.01,0.00,0.00,0.00,6.92,0.00,-4.28,-12.18,-9.33,0.00,5.69
FIVN,Five9 Inc,2026-10-01,Technology,2.67,1.59,0.00,42.74,10.53,8.77,505.92,8.87,4.94,7.49,0.95,4.15
PFIS,Peoples Financial Services Corp,2026-10-01,Banking,0.68,0.76,3.68,11.88,10.00,6.24,68.46,36.85,31.94,10.86,0.17,0.00
CRC,California Resources Corp,2026-10-01,Energy,4.59,1.00,3.01,0.00,12.46,14.22,0.00,-22.45,-3.79,-3.60,0.38,0.66
SLDE,Slide Insurance Holdings Inc,2026-10-01,Insurance,2.76,0.63,0.00,4.69,6.29,17.26,101.47,41.46,40.02,50.69,0.02,0.00
ALM,Almonty Industries Inc,2026-10-01,Metals & Mining,3.80,1.45,0.00,50.29,19.54,0.53,0.00,204.55,125.23,29.89,1.47,9.58
GDDY,GoDaddy Inc,2026-10-01,Technology,12.28,0.99,0.00,13.48,13.10,44.52,20.13,7.41,17.83,660.95,563.34,0.63
SNAP,Snap Inc,2026-10-01,Media,9.56,1.24,0.00,0.00,0.00,-19.58,0.00,12.65,-4.90,-14.61,1.83,2.94
PS,Pershing Square Inc,2026-10-01,Financial Services,21.28,0.56,0.00,376.12,62.67,198.90,0.00,0.00,6.81,5.59,0.17,0.35
LLY,Eli Lilly and Co,2026-10-01,Pharmaceuticals,1082.42,0.43,0.53,40.60,26.25,-10.79,94.62,49.58,33.53,92.58,1.62,1.35
FICO,Fair Isaac Corp,2026-10-01,Technology,14.29,1.41,0.00,17.73,15.43,155.38,35.35,24.09,34.05,145.71,8.46,1.18
PKE,Park Aerospace Corp,2026-10-01,Aerospace & Defense,0.65,0.44,1.56,50.86,41.61,-12.45,78.22,20.10,16.70,10.75,0.00,15.29
INTU,Intuit Inc,2026-10-01,Technology,75.57,0.96,1.74,16.98,12.15,-18.05,20.37,13.90,21.29,23.42,0.40,1.51
BRK.B,Berkshire Hathaway Inc,2026-10-01,Financial Services,964.67,0.17,0.00,11.24,22.61,30.00,36.33,3.93,22.30,11.87,0.17,1.23
DIS,Walt Disney Co,2026-10-01,Media,174.97,1.47,1.27,20.43,13.91,-4.10,-24.00,4.58,8.70,7.87,0.42,0.71
QNT,Quantinuum Inc,2026-10-01,Technology,12.29,3.15,0.00,0.00,0.00,-12.73,0.00,0.00,-893.38,0.00,0.00,15.49
CRVL,CorVel Corp,2026-10-01,Health Care,3.77,1.10,0.00,32.76,0.00,4.39,-20.88,7.09,11.72,29.93,0.00,1.94
MAIR,Madison Air Solutions Corp,2026-10-01,Building,12.20,2.57,0.00,0.00,22.58,5.77,0.00,0.00,0.00,0.00,0.84,1.82
JBSS,John B Sanfilippo & Son Inc,2026-10-01,Food Products,0.78,0.31,6.06,12.46,11.68,2.36,4.70,6.18,5.27,16.51,0.22,2.08
PODD,Insulet Corp,2026-10-01,Health Care,9.07,1.09,0.00,24.28,19.13,-13.75,66.85,29.41,12.29,17.37,0.63,2.81
LHX,L3Harris Technologies Inc,2026-10-01,Aerospace & Defense,44.39,0.50,2.07,23.74,18.86,15.64,11.43,7.29,8.17,9.41,0.53,1.18
ALOY,REalloys Inc,2026-10-01,Technology,0.56,1.53,0.00,0.00,0.00,-16.78,0.00,21.24,-5144.42,-174.53,0.00,30.68
PLAB,Photronics Inc,2026-10-01,Semiconductors,1.82,1.40,0.00,11.00,14.88,-46.93,60.21,1.25,19.04,13.46,0.00,4.94
IDT,IDT Corp,2026-10-01,Telecommunication,2.12,0.56,0.31,24.07,17.48,113.27,15.07,5.40,6.67,24.83,0.00,1.86
TMUS,T-Mobile US Inc,2026-10-01,Telecommunication,173.48,0.40,2.50,16.46,12.41,24.12,-9.81,9.68,11.45,18.22,1.61,0.92
JBL,Jabil Inc,2026-10-01,Electrical Equipment,31.41,1.33,0.11,36.21,18.40,49.03,55.75,17.80,2.57,62.42,2.55,0.98
OCUL,Ocular Therapeutix Inc,2026-10-01,Pharmaceuticals,1.60,1.20,0.00,0.00,0.00,51.71,0.00,-8.14,-579.10,-59.87,0.14,13.11
MS,Morgan Stanley,2026-10-01,Financial Services,295.28,1.24,2.35,14.32,14.86,-0.50,38.56,13.96,15.65,17.83,8.52,0.35
AGNT,eXp World Holdings Inc,2026-10-01,Real Estate,0.59,0.77,5.30,0.00,27.38,36.25,0.00,36.43,-0.35,-6.78,0.00,1.52
COF,Capital One Financial Corp,2026-10-01,Financial Services,119.31,1.13,1.82,11.27,8.69,-5.78,521.95,38.19,14.90,9.28,0.39,0.00
BBY,Best Buy Co Inc,2026-10-01,Retail,18.39,1.26,4.35,14.50,13.41,-19.20,65.82,1.45,3.01,42.82,0.37,1.12
HOS,Helix Energy Solutions Group Inc,2026-10-01,Energy,1.56,1.32,0.00,36.00,43.50,32.03,-17.30,1.97,3.04,2.52,0.19,3.47
CRM,Salesforce Inc,2026-10-01,Technology,194.80,1.25,0.78,20.08,14.34,-13.65,59.27,11.23,21.99,20.15,1.02,0.84
AI,C3.ai Inc,2026-10-01,Technology,1.75,2.23,0.00,0.00,0.00,-26.29,0.00,-37.55,-192.10,-62.87,0.00,6.16
UAMY,United States Antimony Corp,2026-10-01,Metals & Mining,0.62,0.40,0.00,0.00,0.00,-30.49,0.00,35.89,-44.60,-12.37,0.00,11.54
FLGT,Fulgent Genetics Inc,2026-10-01,Health Care,0.59,1.01,0.00,0.00,0.00,-3.69,0.00,6.83,-26.05,-7.87,0.00,6.34
AGM,Federal Agricultural Mortgage Corp,2026-10-01,Financial Services,2.20,1.05,4.33,9.49,9.73,9.55,8.98,7.20,13.49,13.13,19.90,0.12
ONTO,Onto Innovation Inc,2026-10-01,Semiconductors,15.45,1.60,0.00,115.51,38.80,-33.21,-33.87,8.08,11.84,6.50,0.77,9.73
UVV,Universal Corp,2026-10-01,Tobacco,1.04,0.60,7.93,53.86,12.47,31.67,-81.76,-3.04,0.67,1.33,0.85,2.57
ABM,ABM Industries Inc,2026-10-01,Commercial Services & Supplies,2.84,0.70,2.40,16.90,11.57,-2.13,50.30,6.00,1.82,9.43,0.99,1.42
OMF,OneMain Holdings Inc,2026-10-01,Financial Services,6.43,1.29,7.76,8.22,7.23,1.87,19.86,6.92,12.17,23.07,6.73,3.18
WOLF,Wolfspeed Inc,2026-10-01,Semiconductors,1.24,6.37,0.00,338.39,0.00,-49.70,0.00,-12.21,0.66,75.37,1.82,6.86
FISI,Financial Institutions Inc,2026-10-01,Banking,0.78,0.65,3.48,9.19,9.45,2.27,0.00,46.87,24.71,13.09,0.12,0.00
AEE,Ameren Corp,2026-10-01,Utilities,27.58,0.45,2.90,17.61,17.83,22.30,24.77,3.76,17.86,11.70,1.59,0.53
YELP,Yelp Inc,2026-10-01,Media,1.44,0.44,0.00,7.54,13.92,33.87,-5.25,1.50,8.59,18.61,0.16,1.75
VAC,Marriott Vacations Worldwide Corp,2026-10-01,"Hotels, Restaurants & Leisure",3.55,1.36,3.10,0.00,10.62,-9.82,0.00,1.67,-6.47,-15.70,2.65,1.59
FOX,Fox Corp,2026-10-01,Media,24.47,0.66,1.18,14.42,10.90,-13.55,-21.76,5.07,9.84,14.74,0.57,3.17
GSAT,Globalstar Inc,2026-10-01,Telecommunication,10.74,1.57,0.10,0.00,0.00,-38.35,0.00,7.66,-19.42,-16.07,1.23,1.55
CSV,Carriage Services Inc,2026-10-01,Diversified Consumer Services,0.50,0.72,1.39,11.48,8.92,18.96,-16.34,2.38,10.69,17.10,1.93,1.46
FWONK,Formula One Group,2026-10-01,Media,22.71,0.71,0.00,106.44,40.41,49.41,-22.69,12.23,4.91,2.74,0.65,1.27
CATY,Cathay General Bancorp,2026-10-01,Banking,4.01,0.92,2.47,11.28,10.43,25.66,23.41,54.99,45.10,11.71,0.04,0.00
MEI,Methode Electronics Inc,2026-10-01,Electrical Equipment,0.51,1.65,1.49,0.00,206.91,-18.07,0.00,1.36,-3.52,-5.46,0.47,2.41
PRTH,Priority Technology Holdings Inc,2026-10-01,Financial Services,0.64,1.77,0.00,11.43,6.61,368.17,46.42,8.91,5.61,3.40,6.13,1.10
VVV,Valvoline Inc,2026-10-01,Retail,3.85,1.04,0.00,37.89,17.15,50.73,-63.28,16.08,5.17,28.67,3.84,0.70
WERN,Werner Enterprises Inc,2026-10-01,Road & Rail,2.21,1.34,1.64,0.00,18.28,-15.08,0.00,9.64,-1.42,-3.39,0.62,1.45
RBCAA,Republic Bancorp Inc,2026-10-01,Banking,1.61,0.57,2.24,12.45,13.74,-0.25,2.73,44.95,25.40,11.44,0.06,0.00
PGEN,Precigen Inc,2026-10-01,Biotechnology,2.94,1.02,0.00,0.00,14.31,22.16,0.00,1875.05,-183.98,-498.32,2.15,4.58
NE,Noble Corporation PLC,2026-10-01,Energy,6.66,1.10,4.84,44.53,28.15,-15.67,-52.02,-11.10,4.88,3.30,0.43,1.91
FRBT,Forbright Inc,2026-10-01,Banking,0.96,0.57,0.00,0.00,0.00,53.36,0.00,0.00,0.00,0.00,0.18,0.00
SPGI,S&P Global Inc,2026-10-01,Financial Services,114.43,1.07,1.00,23.46,20.61,-9.83,26.22,9.67,30.53,15.50,0.48,0.95
GWW,WW Grainger Inc,2026-10-01,Trading Companies & Distributors,60.37,0.97,0.84,31.41,25.46,1.32,-0.69,7.80,9.92,48.70,0.58,2.81
NNI,Nelnet Inc,2026-10-01,Financial Services,4.42,0.78,1.05,14.61,15.42,2.54,-7.47,0.95,14.91,8.15,2.46,0.11
CZR,Caesars Entertainment Inc,2026-10-01,"Hotels, Restaurants & Leisure",6.04,1.92,0.00,0.00,0.00,10.86,0.00,2.41,-3.99,-13.21,7.36,0.85
OSCR,Oscar Health Inc,2026-10-01,Insurance,9.01,2.58,0.00,16.37,15.66,4.02,0.00,42.82,3.60,38.53,0.21,0.03
OBK,Origin Bancorp Inc,2026-10-01,Banking,1.62,0.75,1.36,16.19,12.51,11.44,42.29,81.24,26.64,7.97,0.01,0.00
XRAY,DENTSPLY SIRONA Inc,2026-10-01,Health Care,2.75,0.90,5.46,0.00,6.54,13.02,0.00,-0.76,-14.99,-39.81,1.65,1.63
WEAV,Weave Communications Inc,2026-10-01,Technology,0.52,1.69,0.00,0.00,40.06,-30.33,0.00,16.73,-7.97,-24.96,0.17,1.25
ALRM,Alarm.com Holdings Inc,2026-10-01,Technology,2.69,0.75,0.00,22.77,17.80,11.29,-4.08,8.72,11.11,13.87,0.57,4.96
ABT,Abbott Laboratories,2026-10-01,Health Care,167.31,0.56,2.52,31.16,17.55,-10.34,-61.21,8.06,11.65,10.52,0.64,1.38
DT,Dynatrace Inc,2026-10-01,Technology,17.13,0.77,0.00,113.05,29.88,33.48,-69.04,17.94,7.22,5.72,0.00,1.21
BELFB,Bel Fuse Inc,2026-10-01,Electrical Equipment,3.53,1.43,0.10,64.77,22.35,-49.32,1.34,25.26,7.21,9.75,0.00,4.48
CCB,Coastal Financial Corp (EVERETT),2026-10-01,Banking,0.62,0.79,0.00,0.00,10.95,21.84,0.00,101.17,11.65,-0.80,0.10,0.00
FUN,Six Flags Entertainment Corp,2026-10-01,"Hotels, Restaurants & Leisure",1.11,0.46,0.00,0.00,0.00,4.90,0.00,-3.46,-57.25,-449.53,43.47,0.42
NAVN,Navan Inc,2026-10-01,"Hotels, Restaurants & Leisure",5.60,1.78,0.00,0.00,82.00,5.68,0.00,0.00,-42.11,-27.94,0.10,4.38
SMPL,Simply Good Foods Co,2026-10-01,Food Products,0.87,0.11,0.00,0.00,5.95,3.93,0.00,-4.48,-14.28,-12.33,0.28,4.80
PRCH,Porch Group Inc,2026-10-01,Technology,1.90,3.23,0.00,0.00,78.79,6.77,0.00,19.46,-2.58,-171.83,9.62,1.45
MG,Mistras Group Inc,2026-10-01,Professional Services,0.66,0.95,0.00,24.28,20.33,179.37,133.32,5.23,3.65,11.53,0.83,1.71
AZZ,AZZ Inc,2026-10-01,Building,4.07,1.18,0.59,20.41,18.52,4.30,-23.82,5.68,11.83,14.87,0.36,1.92
ANAB,AnaptysBio Inc,2026-10-01,Biotechnology,1.45,0.82,0.00,7.44,49.51,-1.47,0.00,92.92,82.37,894.97,24.23,5.61
FIZZ,National Beverage Corp,2026-10-01,Beverages,2.78,0.86,11.13,15.64,16.61,-4.27,-5.84,-1.80,14.81,32.60,0.00,2.39
UHS,Universal Health Services Inc,2026-10-01,Health Care,10.32,1.12,0.47,6.84,7.61,-3.15,29.35,10.05,8.42,20.75,0.65,1.12
WTFC,Wintrust Financial Corp,2026-10-01,Banking,10.77,0.89,1.85,10.75,10.58,-15.57,20.25,79.30,28.60,12.33,0.12,0.00
PRG,PROG Holdings Inc,2026-10-01,Financial Services,1.24,1.89,1.74,8.46,6.37,30.02,-28.81,2.57,5.68,19.36,1.10,3.81
HCI,Hci Group Inc,2026-10-01,Insurance,2.26,0.97,0.94,7.05,9.52,6.69,113.17,22.58,32.59,30.79,0.06,0.06
WYNN,Wynn Resorts Ltd,2026-10-01,"Hotels, Restaurants & Leisure",10.45,0.96,2.32,17.42,15.83,64.50,21.00,6.36,6.06,-244.75,115.74,0.91
RARE,Ultragenyx Pharmaceutical Inc,2026-10-01,Biotechnology,1.45,0.36,0.00,0.00,0.00,99.40,0.00,17.50,-81.73,-414.17,90.54,1.73
UAL,United Airlines Holdings Inc,2026-10-01,Airlines,36.28,1.39,0.00,10.34,8.58,-9.54,7.02,8.48,5.56,22.50,1.58,0.78
ULS,UL Solutions Inc,2026-10-01,Professional Services,13.43,0.39,0.83,26.23,26.69,13.40,53.35,6.61,16.05,37.62,0.19,1.42
MP,MP Materials Corp,2026-10-01,Metals & Mining,8.21,2.07,0.00,0.00,1911.34,-3.75,0.00,64.66,-15.21,-2.55,0.41,9.51
PCRX,Pacira Biosciences Inc,2026-10-01,Pharmaceuticals,1.00,0.28,0.00,68.57,7.55,-5.21,0.00,5.71,1.96,2.13,0.54,5.04
PWP,Perella Weinberg Partners,2026-10-01,Financial Services,1.50,1.69,2.03,70.05,9.91,107.62,-79.62,-20.87,3.22,-31.92,0.00,2.13
NATL,NCR Atleos Corp,2026-10-01,Financial Services,3.33,0.62,0.00,17.03,9.39,27.17,39.26,3.49,4.44,49.22,6.02,1.03
CYRX,Cryoport Inc,2026-10-01,Life Sciences Tools & Services,0.88,1.90,0.00,0.00,0.00,1.30,0.00,-8.01,-20.05,-7.47,0.38,2.08
AADX,Applied Aerospace & Defense Inc,2026-10-01,Aerospace & Defense,2.02,3.32,0.00,0.00,0.00,32.03,0.00,0.00,-23.25,0.00,0.52,2.51
AMPX,Amprius Technologies Inc,2026-10-01,Electrical Equipment,1.40,2.34,0.00,0.00,0.00,-6.32,0.00,143.61,-33.40,-33.01,0.00,7.17
BBIO,BridgeBio Pharma Inc,2026-10-01,Biotechnology,13.08,0.98,0.00,0.00,0.00,7.34,0.00,202.39,-97.03,-206.74,8.27,1.23
CIEN,Ciena Corp,2026-10-01,Communications,53.77,1.32,0.00,76.33,52.91,0.13,362.80,32.57,10.87,22.82,1.06,3.80
BH.A,Biglari Holdings Inc,2026-10-01,"Hotels, Restaurants & Leisure",1.13,0.61,0.00,0.00,0.00,72.63,0.00,43.76,-7.33,-5.49,0.58,2.45
TAP,Molson Coors Beverage Co,2026-10-01,Beverages,6.97,0.48,5.29,0.00,7.60,123.26,0.00,-1.77,-20.81,-22.65,0.76,0.88
SENEA,Seneca Foods Corp,2026-10-01,Food Products,1.20,-0.04,0.00,9.90,13.02,-18.61,177.62,12.46,6.75,16.36,0.29,3.77
PLXS,Plexus Corp,2026-10-01,Electrical Equipment,7.20,0.95,0.00,37.31,26.04,-15.06,15.43,14.20,4.03,12.46,0.18,1.49
SBCF,Seacoast Banking Corporation of Florida,2026-10-01,Banking,3.11,0.91,2.58,18.75,12.21,-5.07,4.77,95.29,17.07,5.61,0.16,0.00
CRD.A,Crawford & Co,2026-10-01,Insurance,0.59,0.43,2.51,24.98,11.28,372.56,-20.27,-4.12,1.81,13.01,1.06,1.19
TXRH,Texas Roadhouse Inc,2026-10-01,"Hotels, Restaurants & Leisure",10.29,0.87,1.84,24.80,22.25,33.88,-4.79,9.89,6.63,27.56,0.03,0.46
HEI.A,HEICO Corp,2026-10-01,Aerospace & Defense,36.43,1.11,0.10,42.80,43.50,-0.56,31.66,20.69,16.38,18.30,0.51,2.72
STRL,Sterling Infrastructure Inc,2026-10-01,Construction,15.45,1.94,0.00,35.00,23.17,-30.43,50.75,60.83,12.55,36.67,0.21,1.11
FLG,Flagstar Bank NA,2026-10-01,Banking,4.85,1.12,1.03,98.97,11.69,17.92,0.00,0.00,0.00,0.59,0.13,0.00
EPC,Edgewell Personal Care Co,2026-10-01,Consumer products,1.23,0.37,2.28,0.00,13.94,-7.74,0.00,-7.00,-4.55,-6.27,0.88,1.84
NVAX,Novavax Inc,2026-10-01,Biotechnology,1.75,2.74,0.00,0.00,0.00,30.21,0.00,-61.64,-59.87,283.08,6.07,2.33
TNET,TriNet Group Inc,2026-10-01,Professional Services,2.98,0.99,1.81,16.41,13.63,-13.79,27.38,-3.17,3.58,188.17,7.17,1.13
WTI,W&T Offshore Inc,2026-10-01,Energy,0.51,0.37,1.16,0.00,0.00,-10.50,0.00,13.75,-19.32,-115.75,78.30,1.17
MLM,Martin Marietta Materials Inc,2026-10-01,Construction,34.03,1.05,0.60,13.69,24.10,47.01,125.65,0.06,36.73,23.07,0.52,1.41
MWA,Mueller Water Products Inc,2026-10-01,Machinery,3.36,1.01,1.32,14.81,13.75,38.07,49.14,5.88,15.02,21.21,0.40,4.64
BRK.A,Berkshire Hathaway Inc,2026-10-01,Financial Services,964.67,0.17,0.00,11.24,22.61,30.00,36.33,3.93,22.30,11.87,0.17,1.23
DNLI,Denali Therapeutics Inc,2026-10-01,Biotechnology,3.28,1.07,0.00,0.00,0.00,21.55,0.00,0.00,-3539.21,-55.27,0.01,8.37
MKTX,Marketaxess Holdings Inc,2026-10-01,Financial Services,5.78,0.83,1.96,18.85,19.02,-2.31,42.77,3.93,35.22,24.74,0.09,1.63
CMP,Compass Minerals International Inc,2026-10-01,Metals & Mining,0.92,1.30,0.00,48.57,24.37,-16.12,0.00,5.46,1.42,7.13,2.76,2.01
EEFT,Euronet Worldwide Inc,2026-10-01,Financial Services,2.38,0.93,0.00,8.12,5.66,-11.15,-13.93,5.76,6.59,23.02,2.16,1.37
MRVI,Maravai LifeSciences Holdings Inc,2026-10-01,Life Sciences Tools & Services,1.95,0.61,0.00,0.00,0.00,-29.07,0.00,-3.28,-37.07,-35.42,0.86,4.05
RHLD,"Resolute Holdings Management, Inc",2026-10-01,Professional Services,0.92,-1.25,0.00,19.61,0.00,-23.73,0.00,62.19,5.57,411.72,72.19,1.35
RGTI,Rigetti Computing Inc,2026-10-01,Semiconductors,5.21,2.11,0.00,0.00,0.00,-40.08,0.00,68.49,-1787.40,-46.82,0.00,3.94
WTTR,Select Water Solutions Inc,2026-10-01,Energy,2.51,0.97,1.33,82.57,30.65,25.14,-17.26,-1.95,2.24,3.50,0.25,1.58
HTZ,Hertz Global Holdings Inc,2026-10-01,Road & Rail,0.62,2.27,0.00,0.00,0.00,-54.59,0.00,3.39,-3.13,-204.28,107.93,0.40
UPWK,Upwork Inc,2026-10-01,Professional Services,1.04,1.07,0.00,10.22,6.08,-19.35,-55.19,1.86,12.93,16.70,0.59,1.42
WMG,Warner Music Group Corp,2026-10-01,Media,14.38,1.36,2.78,21.42,15.36,3.60,123.91,12.91,9.20,90.84,5.52,0.73
NYT,New York Times Co,2026-10-01,Media,10.28,0.92,1.23,26.05,21.25,108.78,23.32,10.76,13.19,19.47,0.00,1.58
DKS,DICK'S Sporting Goods Inc,2026-10-01,Retail,11.81,1.11,3.73,14.13,10.72,8.53,-35.00,53.54,3.97,14.99,0.33,1.49
FEIM,Frequency Electronics Inc,2026-10-01,Electrical Equipment,0.97,0.63,0.00,367.61,50.67,24.34,-88.62,6.30,3.68,3.63,0.00,5.34
BCAL,California Bancorp,2026-10-01,Banking,0.69,0.38,0.00,11.51,11.89,20.99,116.88,-2.93,27.11,10.44,5.79,0.03
HRL,Hormel Foods Corp,2026-10-01,Food Products,10.99,0.27,5.91,31.67,13.02,1.54,-54.65,0.73,2.82,4.33,0.36,1.88
KTB,Kontoor Brands Inc,2026-10-01,"Textiles, Apparel & Luxury Goods",3.47,0.92,3.36,12.96,10.90,-1.82,7.16,15.78,8.73,45.96,1.85,1.83
W,Wayfair Inc,2026-10-01,Retail,14.05,3.14,0.00,0.00,35.82,-20.57,0.00,7.46,-2.49,-659.94,136.90,0.74
SCHW,Charles Schwab Corp,2026-10-01,Financial Services,170.11,0.76,1.42,16.71,13.41,4.68,43.25,11.20,34.04,20.38,5.72,0.40
PR,Permian Resources Corp,2026-10-01,Energy,18.37,0.67,2.79,14.67,10.06,14.61,-1.68,12.81,21.52,11.32,0.25,0.62
XIFR,XPLR Infrastructure LP,2026-10-01,Utilities,1.12,0.85,10.67,15.87,6.22,5.29,0.00,-2.83,5.16,1.94,1.86,1.27
CIFR,Cipher Digital Inc,2026-10-01,Technology,6.42,3.46,0.00,0.00,0.00,6.39,0.00,20.30,-585.75,-156.28,9.87,3.00
GBDC,Golub Capital BDC Inc,2026-10-01,Financial Services,3.28,0.47,9.69,18.93,10.22,15.05,-54.07,-8.73,21.45,4.48,1.22,0.84
DEC,Diversified Energy Co,2026-10-01,Energy,0.71,-0.65,9.01,3.07,3.31,-9.13,0.00,60.64,-11.38,36.12,3.07,0.60
AKAM,Akamai Technologies Inc,2026-10-01,Technology,15.37,0.64,0.00,37.10,16.74,93.76,-1.72,5.87,9.51,8.49,1.59,1.64
HCSG,Healthcare Services Group Inc,2026-10-01,Commercial Services & Supplies,1.41,0.95,0.00,11.49,17.97,12.25,1113.07,5.22,6.59,24.12,0.00,3.02
CDNA,CareDx Inc,2026-10-01,Biotechnology,3.43,2.60,0.00,30.29,44.31,37.17,227.03,34.41,24.23,32.81,0.00,4.58
BJRI,BJ's Restaurants Inc,2026-10-01,"Hotels, Restaurants & Leisure",1.26,1.51,0.00,31.19,23.31,-21.90,57.49,3.54,2.86,10.97,0.11,0.29
ACIW,ACI Worldwide Inc,2026-10-01,Technology,5.02,1.02,0.00,22.13,17.32,-19.96,-7.48,7.03,12.40,15.06,0.55,1.58
ARLO,Arlo Technologies Inc,2026-10-01,Electrical Equipment,1.37,1.63,0.00,45.14,13.49,-4.23,0.00,15.65,5.20,21.25,0.00,1.40
URI,United Rentals Inc,2026-10-01,Trading Companies & Distributors,64.37,1.85,0.77,23.56,18.95,13.62,7.67,6.88,15.67,29.18,1.54,0.76
IPGP,IPG Photonics Corp,2026-10-01,Electrical Equipment,3.56,0.99,0.00,119.94,41.40,-6.59,0.00,13.04,2.58,1.30,0.00,6.18
HIFS,Hingham Institution For Savings,2026-10-01,Banking,0.62,0.87,1.15,9.22,0.00,19.96,95.65,29.22,43.60,13.73,0.00,0.00
EHC,Encompass Health Corp,2026-10-01,Health Care,11.75,0.87,0.64,19.00,18.84,4.25,20.08,9.47,10.01,25.01,1.01,1.19
TRIP,Tripadvisor Inc,2026-10-01,Media,0.98,0.89,0.00,196.19,8.31,21.24,-96.93,-4.37,0.28,2.86,1.94,1.25
VCTR,Victory Capital Holdings Inc,2026-10-01,Financial Services,6.87,1.18,2.43,14.83,12.07,20.41,68.34,51.50,29.57,19.29,0.41,1.29
ODC,Oil-Dri Corporation of America,2026-10-01,Consumer products,1.23,0.78,0.80,21.81,0.00,2.41,36.78,3.31,11.35,20.53,0.14,3.28
WSM,Williams-Sonoma Inc,2026-10-01,Retail,27.47,1.51,1.23,23.07,22.94,1.80,11.05,2.24,14.73,57.79,0.00,1.45
SRPT,Sarepta Therapeutics Inc,2026-10-01,Biotechnology,1.86,0.46,0.00,0.00,15.79,-15.99,0.00,-20.44,-6.93,-9.96,0.55,4.42
XNCR,Xencor Inc,2026-10-01,Biotechnology,1.59,0.82,0.00,0.00,0.00,45.63,0.00,-33.17,-155.59,-28.66,0.21,6.39
AGM.A,Federal Agricultural Mortgage Corp,2026-10-01,Financial Services,2.20,1.05,4.33,9.49,9.73,9.55,8.98,7.20,13.49,13.13,19.90,0.12
FTRE,Fortrea Holdings Inc,2026-10-01,Life Sciences Tools & Services,1.84,1.93,0.00,0.00,20.43,3.69,0.00,-2.09,-3.18,-15.53,2.01,0.96
HPE,Hewlett Packard Enterprise Co,2026-10-01,Technology,85.73,1.45,0.99,30.95,13.67,-24.35,128.23,26.59,6.67,11.02,0.76,1.11
KRMN,Karman Holdings Inc,2026-10-01,Aerospace & Defense,4.23,2.43,0.00,115.56,54.34,33.49,152.52,5.19,6.31,9.42,2.04,3.56
ELVN,Enliven Therapeutics Inc,2026-10-01,Pharmaceuticals,3.39,0.57,0.00,0.00,0.00,45.43,0.00,0.00,0.00,-18.55,0.00,64.07
PCVX,Vaxcyte Inc,2026-10-01,Biotechnology,8.34,1.33,0.00,0.00,0.00,17.13,0.00,0.00,0.00,-37.57,0.00,5.72
EXPE,Expedia Group Inc,2026-10-01,"Hotels, Restaurants & Leisure",31.53,1.42,0.68,15.51,12.05,64.70,96.84,12.00,12.97,184.84,4.52,0.80
SBC,SBC Medical Group Holdings Inc,2026-10-01,Health Care,0.52,0.58,0.00,10.36,10.48,65.50,46.85,-6.92,27.99,19.31,0.14,3.31
MOG.B,Moog Inc,2026-10-01,Aerospace & Defense,12.38,1.06,0.23,31.51,30.55,17.08,86.78,15.72,9.13,18.58,0.49,2.09
PRK,Park National Corp,2026-10-01,Banking,3.24,0.72,2.97,16.85,14.21,1.38,8.60,27.63,28.42,12.45,0.08,0.00
HBB,Hamilton Beach Brands Holding Co,2026-09-28,Consumer products,0.51,0.29,1.31,8.72,0.00,44.12,80.84,-3.33,9.41,30.70,0.23,3.13
ASTH,Astrana Health Inc,2026-10-01,Health Care,1.73,1.18,0.10,43.47,19.49,1.91,58.83,58.91,1.05,5.09,1.13,1.23
SAIA,Saia Inc,2026-10-01,Road & Rail,9.19,2.11,0.00,32.73,25.94,-23.20,-4.18,4.84,8.19,10.63,0.04,1.58
SLGN,Silgan Holdings Inc,2026-10-01,Packaging,3.67,0.67,2.40,13.47,9.36,37.92,-9.66,8.43,4.05,11.69,2.03,1.27
VIR,Vir Biotechnology Inc,2026-10-01,Biotechnology,1.91,1.73,0.00,0.00,0.00,12.23,0.00,1496.08,-41.54,-14.86,0.00,6.04
NWN,Northwest Natural Holding Co,2026-10-01,Utilities,1.96,0.42,4.04,15.52,15.15,26.89,18.85,4.41,9.75,8.34,1.68,0.77
EBAY,eBay Inc,2026-10-01,Retail,47.12,1.32,1.15,21.12,16.69,37.90,6.66,14.69,18.50,48.28,1.44,1.02
MMM,3M Co,2026-10-01,Industrial Conglomerates,84.07,1.01,1.89,28.04,17.72,-8.15,-21.67,2.35,11.90,77.12,4.25,1.24
CHRW,CH Robinson Worldwide Inc,2026-10-01,Logistics & Transportation,17.89,0.94,1.74,27.59,20.90,-10.81,19.25,-0.09,3.73,36.01,1.04,1.58
CAT,Caterpillar Inc,2026-10-01,Machinery,379.85,1.60,0.74,35.09,25.96,-17.57,18.21,18.36,14.51,54.20,2.33,1.37
FE,FirstEnergy Corp,2026-10-01,Utilities,25.11,0.39,4.16,23.05,15.50,-12.15,-17.19,9.93,7.21,8.53,2.24,0.54
KHC,Kraft Heinz Co,2026-10-01,Food Products,26.63,0.14,7.16,0.00,12.67,-13.16,0.00,-1.62,-13.64,-8.44,0.53,1.06
NMRK,Newmark Group Inc,2026-10-01,Real Estate,2.29,1.81,1.17,15.54,6.57,75.84,58.59,20.19,4.11,10.47,1.24,1.09
ACHV,Achieve Life Sciences Inc,2026-10-01,Biotechnology,0.77,2.47,0.00,0.00,0.00,-10.25,0.00,-89.25,-94.67,-193.49,1.40,0.95
ETD,Ethan Allen Interiors Inc,2026-10-01,Consumer products,0.53,1.10,8.70,13.33,17.25,-12.19,-22.53,-5.72,6.88,8.40,0.00,2.06
ADT,ADT Inc,2026-10-01,Diversified Consumer Services,4.21,1.08,4.31,6.84,6.76,18.72,4.14,2.11,11.86,16.66,2.21,0.69
LASR,nLIGHT Inc,2026-10-01,Electrical Equipment,2.30,2.50,0.00,0.00,69.67,-35.97,0.00,43.24,-4.02,-3.80,0.00,8.17
SOLV,Solventum Corp,2026-10-01,Health Care,14.94,0.74,0.00,10.46,12.26,-34.35,277.11,-0.93,17.27,28.98,1.10,1.02
DAVE,Dave Inc,2026-10-01,Financial Services,4.33,4.12,0.00,19.46,18.59,-35.63,308.00,48.63,34.59,84.35,1.29,4.22
LLYVK,Formula One Group,2026-10-01,Media,22.71,0.71,0.00,106.44,40.41,49.41,-22.69,12.23,4.91,2.74,0.65,1.27
FROG,Jfrog Ltd,2026-10-01,Technology,12.03,1.31,0.00,0.00,81.92,-34.63,0.00,26.37,-7.35,-4.85,0.00,2.14
WCC,Wesco International Inc,2026-10-01,Trading Companies & Distributors,16.69,1.56,0.52,25.44,18.89,-23.92,6.03,12.51,2.80,13.84,1.14,2.09
BX,Blackstone Inc,2026-10-01,Financial Services,139.38,1.56,4.58,39.61,17.56,2.77,20.32,17.19,21.84,40.87,1.46,0.68
ADBE,Adobe Inc,2026-10-01,Technology,93.91,1.41,0.00,12.82,8.79,-13.23,11.68,12.03,28.05,62.88,0.54,0.77
EMN,Eastman Chemical Co,2026-10-01,Chemicals,7.33,1.11,5.23,16.51,9.91,10.46,-46.05,-4.53,4.99,7.42,0.86,1.50
WFC,Wells Fargo & Co,2026-10-01,Banking,258.34,0.95,2.74,10.61,11.18,-2.36,16.88,72.75,22.19,12.55,2.55,0.00
UNF,UniFirst Corp,2026-10-01,Commercial Services & Supplies,4.38,0.67,0.57,37.91,32.78,56.99,-22.20,1.42,4.65,5.32,0.00,3.11
MSI,Motorola Solutions Inc,2026-10-01,Communications,74.15,0.89,1.04,34.63,24.39,-16.08,2.13,10.29,17.44,85.76,3.38,1.10
OSIS,OSI Systems Inc,2026-10-01,Electrical Equipment,3.13,1.29,0.00,20.22,17.20,-19.05,3.43,4.25,8.66,16.74,1.12,3.25
COCO,Vita Coco Company Inc,2026-10-01,Beverages,3.27,0.79,0.00,29.90,27.72,26.23,67.78,26.10,15.50,31.09,0.00,3.36
CADL,Candel Therapeutics Inc,2026-10-01,Biotechnology,0.78,-0.26,0.00,0.00,0.00,-22.90,0.00,0.00,-15156.45,-89.38,0.38,16.09
FCF,First Commonwealth Financial Corp,2026-10-01,Banking,2.05,0.73,2.79,11.95,10.92,45.63,24.94,56.91,31.18,10.83,0.17,0.00
RNST,Renasant Corp,2026-10-01,Banking,3.59,1.06,2.47,11.21,10.23,30.46,31.75,53.88,24.77,8.13,0.21,0.00
COMP,Compass Inc,2026-10-01,Real Estate,7.00,2.44,0.00,104.80,55.68,35.60,0.00,67.81,0.63,3.63,1.12,1.06
MCD,McDonald's Corp,2026-10-01,"Hotels, Restaurants & Leisure",164.05,0.46,3.19,18.67,18.33,49.13,5.44,6.30,31.71,95.13,40.64,1.08
SONO,Sonos Inc,2026-10-01,Consumer products,2.10,1.94,0.00,36.99,43.69,27.58,0.00,5.64,3.82,14.35,0.00,1.61
VTRS,Viatris Inc,2026-10-01,Pharmaceuticals,20.35,0.91,2.74,0.00,6.55,8.14,0.00,4.40,-2.79,-2.79,0.94,1.58
KDP,Keurig Dr Pepper Inc,2026-10-01,Beverages,41.76,0.40,3.12,29.27,12.77,-10.90,-7.12,27.48,7.10,5.19,1.05,0.48
WLK,Westlake Corp,2026-10-01,Chemicals,9.19,0.69,3.37,0.00,21.89,-23.28,0.00,-3.95,-10.94,-13.93,0.58,2.45
STUB,"Stubhub Holdings, Inc",2026-10-01,Media,2.14,1.90,0.00,0.00,17.39,23.99,0.00,290.43,-97.08,-147.87,0.67,1.04
WKC,World Kinect Corp,2026-10-01,Energy,2.03,1.33,2.34,0.00,12.44,20.64,0.00,7.61,-0.43,-13.35,0.59,1.06
SF,Stifel Financial Corp,2026-10-01,Financial Services,10.62,1.03,2.43,11.02,10.38,38.91,15.73,11.00,14.25,16.07,5.89,0.12
CLSK,CleanSpark Inc,2026-10-01,Technology,3.22,3.63,1.14,0.00,0.00,-15.27,0.00,7.49,-146.90,-75.24,2.34,5.91
YARW,Vyne Therapeutics Inc,2026-10-01,Pharmaceuticals,1.09,0.00,0.00,0.00,0.00,79.16,0.00,0.00,-3881.54,-70.23,0.00,15.26
BOW,Bowhead Specialty Holdings Inc,2026-10-01,Insurance,1.11,0.57,0.00,17.90,16.86,-5.27,26.31,25.01,10.11,13.71,0.31,0.00
CNMD,Conmed Corp,2026-10-01,Health Care,1.38,0.92,0.90,24.32,10.13,-27.80,-48.14,3.42,4.12,5.51,0.80,1.48
ROG,Rogers Corp,2026-10-01,Electrical Equipment,2.78,0.39,0.00,87.98,42.66,28.90,0.00,4.90,3.75,2.61,0.01,3.99
MRTN,Marten Transport Ltd,2026-10-01,Road & Rail,1.07,1.02,1.86,83.35,24.64,17.79,-39.63,-6.87,1.47,1.65,0.00,2.50
UWMC,UWM Holdings Corp,2026-10-01,Financial Services,1.93,1.96,5.39,0.00,4.34,-39.37,0.00,26.06,-1.04,-20.06,117.92,0.72
IR,Ingersoll Rand Inc,2026-10-01,Machinery,29.20,1.16,0.11,30.58,19.49,39.88,91.11,7.85,12.08,9.46,0.47,1.62
WHK,Whitehawk Minerals Corp,2026-10-01,Energy,0.59,0.00,0.00,0.00,0.00,99.75,0.00,0.00,0.00,0.00,0.22,1.39
LXRX,Lexicon Pharmaceuticals Inc,2026-10-01,Pharmaceuticals,0.81,1.06,0.00,0.00,0.00,36.61,0.00,-29.03,-147.38,-40.40,0.29,13.37
BAC,Bank of America Corp,2026-10-01,Banking,375.72,1.21,2.62,11.06,10.99,6.21,25.82,99.37,30.16,11.13,2.43,0.00
UA,Under Armour Inc,2026-10-01,"Textiles, Apparel & Luxury Goods",1.97,1.63,0.00,0.00,42.50,30.74,0.00,-3.61,-9.99,-32.12,0.41,1.81
ZVRA,Zevra Therapeutics Inc,2026-10-01,Pharmaceuticals,0.57,1.00,0.00,11.17,12.07,-26.94,0.00,119.40,42.82,32.77,0.00,5.17
KMI,Kinder Morgan Inc,2026-10-01,Energy,67.98,0.61,3.86,19.61,20.10,28.52,27.10,12.46,19.31,11.11,1.02,0.46
ALLY,Ally Financial Inc,2026-10-01,Financial Services,11.45,1.19,4.29,7.87,6.44,14.98,325.79,37.40,13.26,9.42,1.15,0.00
MCB,Metropolitan Bank Holding Corp,2026-10-01,Banking,1.09,1.04,0.79,12.44,8.18,0.43,27.85,50.47,23.24,10.22,0.04,0.00
JNJ,Johnson & Johnson,2026-10-01,Pharmaceuticals,623.34,0.21,2.00,29.97,21.98,-7.31,-7.75,8.06,21.48,25.74,0.58,1.09
OUST,Ouster Inc,2026-10-01,Electrical Equipment,2.95,3.48,0.00,0.00,0.00,-31.52,0.00,62.82,-26.02,-18.45,0.00,4.16
HLNE,Hamilton Lane Inc,2026-10-01,Financial Services,4.89,1.19,1.82,17.94,12.01,-8.37,20.00,24.01,32.14,31.02,0.29,1.29
GPN,Global Payments Inc,2026-10-01,Financial Services,21.25,0.89,1.19,0.00,5.52,-21.82,0.00,7.48,-9.16,-4.04,1.02,0.82
SNDR,Schneider National Inc,2026-10-01,Road & Rail,5.66,1.22,1.21,50.40,21.31,-8.50,-10.95,6.25,1.92,3.68,0.13,2.03
DC,Dakota Gold Corp,2026-10-01,Metals & Mining,0.80,1.25,0.00,0.00,0.00,34.73,0.00,0.00,0.00,-23.97,0.01,33.50
TYRA,Tyra Biosciences Inc,2026-10-01,Biotechnology,1.44,0.63,0.00,0.00,0.00,18.19,0.00,0.00,0.00,-46.39,0.00,14.91
DY,Dycom Industries Inc,2026-10-01,Construction,8.14,1.51,0.00,24.37,15.83,6.90,23.49,37.79,4.79,18.05,1.37,2.35
TKO,TKO Group Holdings Inc,2026-10-01,Media,33.32,0.69,0.71,146.66,32.75,1.65,96.44,9.31,5.44,6.57,1.44,1.28
AEVA,Aeva Technologies Inc,2026-10-01,Electrical Equipment,1.00,2.52,0.00,0.00,0.00,-19.09,0.00,56.22,-150.12,10.37,3.52,7.85
TW,Tradeweb Markets Inc,2026-10-01,Financial Services,24.18,0.59,0.46,26.87,22.45,-11.60,61.40,14.04,40.66,13.78,0.00,4.84
QSR,Restaurant Brands International Inc,2026-10-01,"Hotels, Restaurants & Leisure",31.71,0.59,3.54,25.38,16.66,27.25,47.21,6.51,13.13,34.86,3.51,1.01
HAWK,HawkEye 360 Inc,2026-10-01,Aerospace & Defense,1.44,4.33,0.00,0.00,0.00,31.03,0.00,0.00,0.00,0.00,0.13,6.86
MKC.V,McCormick & Company Inc,2026-10-01,Food Products,11.89,0.66,4.03,7.66,15.21,5.04,108.82,9.54,21.91,25.42,0.71,0.78
XMTR,Xometry Inc,2026-10-01,Trading Companies & Distributors,4.66,1.35,0.00,0.00,93.39,32.18,0.00,33.75,-3.82,-8.65,0.55,3.21
CME,CME Group Inc,2026-10-01,Financial Services,95.32,0.22,4.25,22.40,21.02,-36.73,13.39,16.57,33.99,15.58,0.13,1.02
MYE,Myers Industries Inc,2026-10-01,Packaging,1.18,0.84,26.78,3.72,16.21,-17.66,0.00,178.15,12.50,41.35,1.04,1.61
PRSU,Pursuit Attractions and Hospitality Inc,2026-10-01,"Hotels, Restaurants & Leisure",1.39,1.51,0.00,36.05,28.14,5.42,-91.40,-26.32,7.94,6.80,0.44,1.61
LTH,"Life Time Group Holdings, Inc",2026-10-01,"Hotels, Restaurants & Leisure",9.02,1.51,0.00,21.74,25.29,44.80,79.11,12.69,13.04,13.14,0.46,0.66
IRDM,Iridium Communications Inc,2026-10-01,Telecommunication,5.07,0.88,1.28,54.43,45.11,-24.57,-11.72,-13.10,10.55,20.12,3.73,2.78
BKE,Buckle Inc,2026-10-01,Retail,2.20,1.08,10.22,9.98,9.99,2.84,8.70,6.22,16.62,46.91,0.00,2.08
ANGO,AngioDynamics Inc,2026-10-01,Health Care,0.64,0.24,0.00,0.00,0.00,31.77,0.00,9.46,-11.48,-21.01,0.03,2.19
TRGP,Targa Resources Corp,2026-10-01,Energy,59.89,0.79,1.59,25.56,23.65,10.70,40.38,-1.97,13.54,72.17,5.35,0.77
SMTC,Semtech Corp,2026-10-01,Semiconductors,17.41,2.47,0.00,49.82,34.65,1.92,1063.40,25.36,26.88,51.25,0.66,1.70
BKD,Brookdale Senior Living Inc,2026-10-01,Health Care,2.59,0.55,0.00,0.00,325.20,-17.62,0.00,-4.42,-4.53,-128.14,40.97,1.14
MTRN,Materion Corp,2026-10-01,Metals & Mining,5.94,1.07,0.21,62.22,31.76,-33.61,460.64,21.60,4.29,9.41,0.46,2.94
QCRH,QCR Holdings Inc,2026-10-01,Banking,1.63,0.76,0.30,11.18,11.25,-3.87,27.45,57.73,33.39,12.70,0.34,0.00
REF,Reformation Inc.,2026-10-01,Retail,0.75,-0.65,0.00,0.00,0.00,23.17,0.00,0.00,0.00,0.00,0.64,1.58
PRAA,PRA Group Inc,2026-10-01,Financial Services,0.71,1.13,0.00,0.00,5.50,4.73,0.00,17.60,-19.91,-26.80,3.69,16.42
PARR,Par Pacific Holdings Inc,2026-10-01,Energy,4.32,0.82,0.00,5.00,4.02,13.71,0.00,13.19,9.94,53.51,0.38,1.84
BKNG,Booking Holdings Inc,2026-10-01,"Hotels, Restaurants & Leisure",120.43,1.17,1.06,16.71,13.90,37.60,57.21,12.85,25.53,139.63,11.29,1.09
XYL,Xylem Inc,2026-10-01,Machinery,27.28,1.00,1.71,23.15,17.74,23.77,9.32,4.54,11.15,9.24,0.28,1.61
VCYT,Veracyte Inc,2026-10-01,Biotechnology,3.55,2.01,0.00,32.33,22.85,28.93,323.93,17.28,20.37,8.64,0.00,9.16
SMMT,Summit Therapeutics Inc,2026-10-01,Biotechnology,13.31,-1.65,0.00,0.00,0.00,49.23,0.00,0.00,-9027.08,-168.93,0.00,6.96
CROX,Crocs Inc,2026-10-01,"Textiles, Apparel & Luxury Goods",5.72,1.56,0.00,9.56,8.50,14.32,211.15,-2.03,14.63,43.41,0.94,1.49
HGTY,Hagerty Inc,2026-10-01,Insurance,4.63,0.88,0.00,181.64,546.02,39.18,-81.30,10.08,1.77,8.40,0.72,0.64
FHB,First Hawaiian Inc,2026-10-01,Banking,3.03,0.81,4.28,10.61,10.46,14.76,19.00,46.18,31.54,10.27,0.00,0.00
CHYM,Chime Financial Inc,2026-10-01,Financial Services,10.16,2.04,0.00,0.00,33.88,7.98,0.00,134.70,-0.74,-1.28,0.00,4.62
REX,REX American Resources Corp,2026-10-01,Energy,1.45,0.59,0.00,11.79,29.17,46.61,68.53,5.31,17.61,19.44,0.00,6.88
PEG,Public Service Enterprise Group Inc,2026-10-01,Utilities,33.84,0.52,3.85,16.72,15.05,26.56,1.55,12.65,16.04,11.73,1.42,0.88
TROW,T Rowe Price Group Inc,2026-10-01,Financial Services,22.58,1.47,5.11,10.04,10.10,-15.16,11.35,6.97,29.26,20.45,0.00,2.85
WEN,Wendy's Co,2026-10-01,"Hotels, Restaurants & Leisure",1.40,0.40,8.59,9.85,13.12,-53.23,-31.11,-0.98,5.72,109.00,28.42,1.90
DGICB,Donegal Group Inc,2026-10-01,Insurance,0.67,-0.03,4.09,9.23,9.97,-2.16,-18.74,-3.07,7.38,11.01,0.05,0.04
AVY,Avery Dennison Corp,2026-10-01,Packaging,13.01,0.81,2.29,18.22,15.77,4.79,2.32,5.84,7.62,31.07,1.58,1.13
ARW,Arrow Electronics Inc,2026-10-01,Electrical Equipment,11.79,1.20,0.00,14.40,10.62,-16.86,76.41,26.05,2.26,12.14,0.31,1.22
GAIN,Gladstone Investment Corp,2026-10-01,Financial Services,0.63,0.70,6.11,3.76,13.71,-25.88,92.97,-56.64,186.23,27.00,0.88,0.15
CMCSA,Comcast Corp,2026-10-01,Telecommunication,77.01,0.74,6.35,6.84,6.27,16.96,-49.00,0.58,8.97,12.04,1.01,0.80
CEVA,CEVA Inc,2026-10-01,Semiconductors,1.00,1.96,0.00,0.00,45.91,-7.67,0.00,8.82,-9.48,-3.42,0.00,10.12
ORA,Ormat Technologies Inc,2026-10-01,Utilities,5.51,0.91,0.53,42.55,37.59,-5.29,53.20,10.27,14.39,4.96,1.30,1.05
PBI,Pitney Bowes Inc,2026-10-01,Commercial Services & Supplies,2.28,1.76,2.39,12.15,9.36,-15.05,0.00,-5.31,10.04,5.27,36.24,0.73
PSN,Parsons Corp,2026-10-01,Professional Services,4.38,0.73,0.00,28.00,16.84,-9.49,-57.07,-5.84,2.50,6.01,0.56,1.66
CD,Chaince Digital Holdings Inc,2026-10-01,Technology,0.74,5.37,0.00,0.00,0.00,-12.19,0.00,94.74,-172.47,-9.94,0.00,27.53
PCG,PG&E Corp,2026-10-01,Utilities,26.80,0.20,1.61,8.37,7.32,39.98,24.89,5.66,12.25,9.62,1.89,1.22
CNM,Core & Main Inc,2026-10-01,Trading Companies & Distributors,7.88,0.93,0.00,17.17,13.31,10.78,8.50,-0.54,5.96,22.82,1.21,2.47
CR,Crane Co,2026-10-01,Machinery,11.93,1.01,0.47,35.20,26.62,-4.90,-4.74,13.85,12.97,16.19,0.50,2.80
SRCE,1st Source Corp,2026-10-01,Banking,2.07,0.59,2.01,11.78,11.61,-11.91,22.22,43.16,34.24,13.41,0.22,0.00
BWFG,Bankwell Financial Group Inc,2026-10-01,Banking,0.52,0.60,1.22,12.05,11.29,13.50,102.93,78.22,35.01,13.95,0.22,0.00
IBKR,Interactive Brokers Group Inc,2026-10-01,Financial Services,145.55,1.38,0.10,129.73,30.09,-13.03,31.49,15.80,9.94,20.51,7.69,0.97
RXO,RXO Inc,2026-10-01,Road & Rail,3.52,2.00,0.00,0.00,166.48,3.30,0.00,9.53,-1.72,-6.84,0.33,1.27
NVRI,Enviri Corp,2026-10-01,Commercial Services & Supplies,0.55,1.60,0.00,0.00,0.00,-53.52,0.00,-10.67,-27.57,-120.12,0.61,1.43
CNO,CNO Financial Group Inc,2026-10-01,Insurance,4.91,0.84,1.37,17.31,10.83,39.86,7.18,5.64,5.95,10.82,1.76,7.48
TARS,Tarsus Pharmaceuticals Inc,2026-10-01,Pharmaceuticals,3.53,0.33,0.00,0.00,77.11,-17.39,0.00,105.17,-7.67,-13.53,0.21,3.20
FIX,Comfort Systems USA Inc,2026-10-01,Construction,59.31,1.61,0.16,40.58,28.51,-25.77,108.88,46.11,12.78,53.55,0.02,1.21
MSCI,MSCI Inc,2026-10-01,Financial Services,39.65,1.24,1.45,29.06,25.30,-6.59,21.13,11.62,40.74,108.67,6.80,0.89
AXTI,AXT Inc,2026-10-01,Semiconductors,5.36,1.96,0.00,1313.57,42.61,-5.58,0.00,45.81,3.23,1.00,0.11,4.77
PRI,Primerica Inc,2026-10-01,Insurance,8.46,0.87,1.70,10.53,10.40,19.72,22.98,8.57,23.20,32.55,0.66,0.00
DGICA,Donegal Group Inc,2026-10-01,Insurance,0.67,-0.03,4.09,9.23,9.97,-2.16,-18.74,-3.07,7.38,11.01,0.05,0.04
CARE,Carter Bankshares Inc,2026-10-01,Banking,0.67,0.60,0.00,5.23,9.99,-9.07,328.12,33.04,26.04,27.40,0.00,0.00
IBTA,Ibotta Inc,2026-10-01,Media,0.93,2.14,0.00,0.00,0.00,-1.06,0.00,-6.65,-3.21,-3.98,0.00,1.71
ATEN,A10 Networks Inc,2026-10-01,Technology,2.00,0.98,0.88,45.81,23.31,1.36,-14.22,12.20,13.85,19.61,0.92,1.29
SD,SandRidge Energy Inc,2026-10-01,Energy,0.50,0.73,4.44,6.02,8.41,25.21,9.54,23.23,46.06,16.02,0.00,2.62
MSTR,Strategy Inc,2026-10-01,Technology,61.67,3.62,1.57,0.00,0.00,7.25,0.00,7.79,-6102.96,-60.79,0.15,5.39
CMS,CMS Energy Corp,2026-10-01,Utilities,19.96,0.32,3.47,19.36,15.76,24.40,-1.90,9.29,12.25,11.02,1.97,0.94
ROST,Ross Stores Inc,2026-10-01,Retail,74.78,0.86,0.73,28.07,26.66,-25.67,31.42,14.02,10.85,42.34,0.15,1.61
SEIC,SEI Investments Co,2026-10-01,Financial Services,12.47,0.99,1.03,17.38,15.40,47.51,6.38,11.10,28.85,28.86,0.01,5.06
FLR,Fluor Corp,2026-10-01,Construction,6.60,1.23,0.00,0.00,18.23,3.95,0.00,-4.77,-12.85,-57.08,0.40,1.80
CIVB,Civista Bancshares Inc,2026-10-01,Banking,0.55,0.65,2.56,10.10,9.34,13.32,4.67,56.16,27.32,10.05,0.19,0.00
HY,Hyster-Yale Inc,2026-10-01,Machinery,0.55,1.71,4.57,0.00,50.16,48.36,0.00,-11.14,-3.30,-25.36,1.28,1.28
PRMB,Primo Brands Corp,2026-10-01,Beverages,6.90,0.73,2.36,68.74,13.83,0.06,84.23,30.66,1.49,3.32,1.73,1.05
ABSI,Absci Corp,2026-10-01,Biotechnology,1.84,2.23,0.00,0.00,0.00,8.59,0.00,-62.28,-7756.37,-59.21,0.00,10.63
BWIN,"Baldwin Insurance Group, Inc",2026-10-01,Insurance,4.46,0.98,0.00,0.00,13.60,79.26,0.00,18.95,-4.67,-10.59,2.79,1.07
FNB,FNB Corp,2026-10-01,Banking,6.09,0.94,2.95,9.92,9.74,10.34,30.25,64.80,34.77,8.94,0.23,0.00
GRBK,Green Brick Partners Inc,2026-10-01,Consumer products,2.86,1.70,0.10,9.57,10.86,29.54,-15.18,-5.93,14.49,15.42,0.14,8.69
AGYS,Agilysys Inc,2026-10-01,Technology,2.83,0.44,0.00,64.83,36.04,-25.58,204.74,14.38,12.99,13.46,0.00,1.74
ZWS,Zurn Elkay Water Solutions Corp,2026-10-01,Building,8.31,1.08,0.91,28.11,23.85,3.68,60.93,10.69,15.45,17.09,0.30,3.05
OCSL,Oaktree Specialty Lending Corp,2026-10-01,Financial Services,1.06,0.59,12.49,24.85,9.05,-15.69,-12.87,-12.55,14.45,2.98,1.04,2.66
LEN,Lennar Corp,2026-10-01,Consumer products,19.73,1.40,2.62,11.85,15.00,102.09,-47.13,-7.45,4.93,7.34,0.28,8.00
NOG,Northern Oil and Gas Inc,2026-10-01,Energy,2.51,0.95,7.32,0.00,6.10,-12.66,0.00,-25.62,-25.35,-23.85,1.37,0.80
HTH,Hilltop Holdings Inc,2026-10-01,Banking,2.17,0.88,2.15,13.15,15.32,52.34,21.20,50.05,9.48,7.50,0.70,0.00
REZI,Resideo Technologies Inc,2026-10-01,Building,2.76,1.60,1.27,6.44,9.91,-8.38,0.00,3.42,5.58,14.70,1.18,2.22
KEX,Kirby Corp,2026-10-01,Marine,7.05,0.85,0.00,19.73,18.74,-4.52,23.27,6.56,10.18,10.45,0.30,1.68
FANG,Diamondback Energy Inc,2026-10-01,Energy,51.95,0.52,2.29,35.09,9.59,34.11,-63.19,21.45,8.58,3.90,0.33,0.47
HII,Huntington Ingalls Industries Inc,2026-10-01,Aerospace & Defense,10.81,0.20,2.05,15.92,13.32,19.09,25.70,13.97,5.01,12.89,0.51,1.23
HUBG,Hub Group Inc,2026-10-01,Logistics & Transportation,1.84,1.23,1.66,17.19,19.22,28.15,-1.32,-5.79,2.82,6.29,0.15,1.47
XERS,Xeris Biopharma Holdings Inc,2026-10-01,Pharmaceuticals,1.45,0.86,0.00,0.00,41.41,111.14,0.00,36.33,-5.12,99.74,17.00,1.45
FITB,Fifth Third Bancorp,2026-10-01,Banking,45.72,1.02,2.62,20.65,11.68,10.81,-5.54,58.18,28.85,8.86,0.57,0.00
FULT,Fulton Financial Corp,2026-10-01,Banking,4.31,0.82,3.46,10.64,10.28,12.37,21.65,55.28,27.67,11.15,0.30,0.00
LCLN,Lincoln International Inc,2026-10-01,Financial Services,2.39,1.08,0.00,10.90,0.00,132.59,0.00,0.00,18.55,0.00,0.76,1.02
TMP,Tompkins Financial Corp,2026-10-01,Banking,1.40,0.77,2.74,7.81,12.03,38.11,120.03,16.24,6.32,19.30,0.19,0.00
UI,Ubiquiti Inc,2026-10-01,Communications,36.90,1.34,0.53,38.23,29.94,-8.44,34.81,27.22,29.33,85.62,0.00,2.93
ARMK,Aramark,2026-10-01,"Hotels, Restaurants & Leisure",14.39,1.11,0.87,36.87,20.18,-13.10,6.08,11.02,1.93,11.75,1.81,1.28
ATRO,Astronics Corp,2026-10-01,Aerospace & Defense,2.94,1.40,0.00,36.71,22.77,8.18,0.00,14.49,8.40,51.97,1.57,2.97
PPL,PPL Corp,2026-10-01,Utilities,24.65,0.59,3.32,19.44,15.90,-15.07,26.42,-58.81,21.66,8.53,1.35,0.91
TH,Target Hospitality Corp,2026-10-01,"Hotels, Restaurants & Leisure",2.04,1.52,0.00,0.00,34.05,39.77,0.00,11.92,-10.85,-9.80,0.12,0.65
UVE,Universal Insurance Holdings Inc,2026-10-01,Insurance,1.20,0.67,1.85,5.43,8.99,-9.36,232.46,3.96,13.49,38.78,0.15,4.13
PSNL,Personalis Inc,2026-10-01,Life Sciences Tools & Services,1.73,2.42,0.00,0.00,0.00,-46.39,0.00,-13.26,-153.84,-46.47,0.00,5.28
PTC,PTC Inc,2026-10-01,Technology,15.89,1.01,0.00,12.90,15.73,4.89,142.49,19.50,41.43,32.64,0.41,1.03
YEXT,Yext Inc,2026-10-01,Technology,0.55,1.13,0.00,24.95,15.28,-10.84,333.40,-1.48,5.90,27.89,4.14,0.83
LBRX,LB Pharmaceuticals Inc,2026-10-01,Pharmaceuticals,1.20,1.63,0.00,0.00,0.00,35.41,0.00,0.00,0.00,-25.91,0.00,15.08
INR,Infinity Natural Resources Inc,2026-10-01,Energy,0.81,-0.68,0.00,13.11,4.39,16.67,1098.95,75.40,11.66,13.14,0.72,0.87
COIN,Coinbase Global Inc,2026-10-01,Financial Services,49.94,3.34,0.00,0.00,161.36,14.42,0.00,-10.35,-15.72,-6.89,0.50,2.42
VEEV,Veeva Systems Inc,2026-10-01,Health Care,45.65,0.91,0.00,45.28,30.53,-10.31,25.58,16.50,29.34,14.00,0.00,5.46
DK,Delek US Holdings Inc,2026-10-01,Energy,4.55,0.62,1.42,19.37,7.20,123.06,0.00,11.40,1.86,127.12,17.10,0.76
PTRN,Pattern Group Inc,2026-10-01,Retail,3.09,1.80,0.00,115.42,28.67,8.82,0.00,0.00,0.88,4.44,0.00,2.35
NI,NiSource Inc,2026-10-01,Utilities,18.94,0.57,2.98,20.74,18.18,34.99,-0.01,12.65,13.43,9.58,1.82,0.50
KO,Coca-Cola Co,2026-10-01,Beverages,370.45,0.30,2.98,25.90,25.56,-4.18,17.61,6.52,28.56,42.99,1.20,1.30
DFTX,Definium Therapeutics Inc,2026-10-01,Pharmaceuticals,5.05,2.28,0.00,0.00,0.00,-13.95,0.00,0.00,0.00,-85.23,0.04,6.95
ORCL,Oracle Corp,2026-10-01,Technology,417.49,1.78,1.43,22.01,16.54,2.51,49.08,21.62,26.36,42.58,2.01,1.17
LZ,LegalZoom.com Inc,2026-10-01,Professional Services,0.98,1.23,0.00,58.23,7.40,5.77,-42.54,12.26,2.13,10.41,0.00,0.67
LGN,Legence Corp,2026-10-01,Construction,5.58,1.94,0.00,0.00,39.34,-30.05,0.00,0.00,-1.20,-9.55,1.72,1.35
DASH,DoorDash Inc,2026-10-01,"Hotels, Restaurants & Leisure",78.94,1.98,0.00,93.87,48.20,13.09,8.30,33.59,5.29,8.48,0.27,1.37
CALM,Cal-Maine Foods Inc,2026-10-01,Food Products,3.09,0.24,7.66,9.55,55.72,31.17,-73.79,-31.68,10.88,11.82,0.00,7.70
WSFS,WSFS Financial Corp,2026-10-01,Banking,4.10,0.87,0.99,12.10,11.34,-6.12,30.70,54.51,28.75,11.72,0.11,0.00
SHBI,Shore Bancshares Inc,2026-10-01,Banking,0.76,0.84,2.28,11.15,10.31,8.25,22.86,0.00,0.00,11.10,0.14,0.00
HCA,HCA Healthcare Inc,2026-10-01,Health Care,91.66,1.14,0.74,13.51,13.96,4.18,25.46,7.31,8.77,695.73,125.80,0.99
JANX,Janux Therapeutics Inc,2026-10-01,Biotechnology,1.04,2.46,0.00,0.00,0.00,-1.26,0.00,5366.97,-294.36,-10.79,0.00,16.35
T,AT&T Inc,2026-10-01,Telecommunication,166.51,0.28,4.78,7.78,10.01,-27.64,72.22,2.63,16.94,19.54,1.30,0.97
MPC,Marathon Petroleum Corp,2026-10-01,Energy,117.99,0.55,1.05,12.98,8.25,43.22,330.24,15.76,5.48,48.71,1.72,1.25
PTEN,Patterson-UTI Energy Inc,2026-10-01,Energy,4.31,0.87,3.27,0.00,54.00,-3.25,0.00,-6.92,-1.92,-2.82,0.40,1.75
APPF,Appfolio Inc,2026-10-01,Technology,7.23,0.89,0.00,46.32,25.75,-24.21,-20.86,20.66,15.13,30.92,0.00,3.83
TFX,Teleflex Inc,2026-10-01,Health Care,5.34,0.87,1.13,0.00,12.64,63.90,0.00,-14.49,-39.67,-31.90,0.97,2.60
CCSI,Consensus Cloud Solutions Inc,2026-10-01,Technology,0.65,1.61,0.00,6.92,5.93,-19.41,18.80,1.45,26.69,281.46,13.36,1.90
ODTX,Odyssey Therapeutics Inc,2026-10-01,Biotechnology,0.98,-0.24,0.00,0.00,0.00,85.38,0.00,-19.04,-3822.68,-30.30,0.00,11.36
MGNI,Magnite Inc,2026-10-01,Media,3.65,2.44,0.00,21.94,18.84,5.18,299.58,8.32,22.49,18.62,0.37,1.02
ADM,Archer-Daniels-Midland Co,2026-10-01,Food Products,38.33,0.63,2.65,21.39,14.22,3.66,60.27,-0.82,2.16,7.73,0.34,1.39
GSBD,Goldman Sachs BDC Inc,2026-10-01,Financial Services,1.03,0.69,18.76,17.68,8.48,-5.34,-58.57,-15.41,17.19,4.17,1.36,0.19
FOUR,"Shift4 Payments, Inc",2026-10-01,Financial Services,2.81,1.52,2.15,26.91,6.82,14.79,-47.13,32.43,2.20,6.60,2.79,1.21
OKTA,Okta Inc,2026-10-01,Technology,37.17,0.73,0.00,125.29,46.92,10.39,79.18,11.22,9.63,4.26,0.00,1.53
NTSK,Netskope Inc,2026-10-01,Technology,7.29,2.47,0.00,0.00,0.00,17.40,0.00,0.00,-91.84,-434.99,4.45,2.01
PH,Parker-Hannifin Corp,2026-10-01,Machinery,121.81,1.14,0.78,33.09,26.81,-6.13,5.03,8.31,16.97,25.11,0.55,1.26
COKE,Coca-Cola Consolidated Inc,2026-10-01,Beverages,12.45,0.58,0.61,22.74,0.00,19.50,-60.18,10.71,7.15,39.61,1.09,1.21
BBNX,Beta Bionics Inc,2026-10-01,Health Care,1.02,0.92,0.00,0.00,0.00,12.78,0.00,94.09,-61.32,-26.30,0.00,8.88
ARQT,Arcutis Biotherapeutics Inc,2026-10-01,Biotechnology,3.18,1.69,0.00,112.25,27.22,115.82,0.00,76.11,6.15,15.05,0.49,2.92
OOMA,Ooma Inc,2026-10-01,Technology,0.57,1.17,0.00,52.49,15.17,32.44,0.00,17.19,3.57,11.59,0.47,0.95
CERS,Cerus Corp,2026-09-26,Health Care,0.53,1.83,0.00,0.00,0.00,-15.41,0.00,14.61,-2.73,-10.31,0.93,1.83
LIFE,Ethos Technologies Inc,2026-10-01,Insurance,2.08,0.64,0.00,0.00,15.56,66.71,41.57,0.00,-401.89,-25.76,0.04,1.52
HCC,Warrior Met Coal Inc,2026-10-01,Metals & Mining,4.70,0.77,0.37,21.31,12.16,4.28,440.05,37.48,13.05,10.02,0.12,3.93
CPK,Chesapeake Utilities Corp,2026-10-01,Utilities,3.00,0.65,2.10,20.33,18.64,15.30,11.82,14.76,14.64,9.33,1.01,0.32
HTB,HomeTrust Bancshares Inc,2026-10-01,Banking,0.77,0.80,1.17,11.75,12.43,33.67,11.72,0.00,0.00,10.88,0.00,0.00
INSP,Inspire Medical Systems Inc,2026-10-01,Health Care,2.05,0.66,0.00,15.06,59.26,2.29,165.52,4.35,15.03,17.62,0.00,8.55
RUM,Rumble Inc,2026-10-01,Media,3.79,1.32,0.00,0.00,0.00,31.18,0.00,13.05,-134.60,-29.27,0.27,2.12
UFCS,United Fire Group Inc,2026-10-01,Insurance,1.39,0.57,1.35,9.68,11.10,-3.20,52.92,11.36,9.57,14.96,0.15,0.02
TGT,Target Corp,2026-10-01,Retail,71.19,0.94,2.89,16.28,16.08,-14.60,12.31,1.95,4.08,26.66,0.86,0.99
GDYN,Grid Dynamics Holdings Inc,2026-10-01,Technology,0.68,1.01,0.00,239.81,15.60,-53.17,-82.77,8.57,0.68,0.54,0.00,7.22
DYN,"Dyne Therapeutics, Inc",2026-10-01,Biotechnology,2.95,1.25,0.00,0.00,0.00,12.46,0.00,0.00,0.00,-64.30,0.30,12.02
UPS,United Parcel Service Inc,2026-10-01,Logistics & Transportation,79.88,0.99,6.78,17.46,12.24,12.95,-20.08,-0.42,5.08,29.07,1.62,1.18
BHVN,Biohaven Ltd,2026-10-01,Biotechnology,1.98,3.21,0.00,0.00,0.00,1.65,0.00,0.00,0.00,-639.95,21.23,4.73
NFG,National Fuel Gas Co,2026-10-01,Utilities,7.25,0.39,2.77,10.61,10.52,58.14,169.02,98.09,15.61,18.72,0.91,3.20
MCK,McKesson Corp,2026-10-01,Health Care,104.79,0.31,0.38,22.63,18.80,-16.75,49.07,8.84,1.12,39.43,1.29,0.89
TNDM,Tandem Diabetes Care Inc,2026-10-01,Health Care,1.15,1.62,0.00,0.00,0.00,15.00,0.00,3.96,-6.08,-45.97,4.66,3.18
ANRO,Alto Neuroscience Inc,2026-10-01,Pharmaceuticals,0.99,1.39,0.00,0.00,0.00,32.25,0.00,0.00,0.00,-46.46,0.09,14.85
TWLO,Twilio Inc,2026-10-01,Technology,46.27,1.46,0.00,40.30,50.81,45.08,5800.25,17.82,20.62,14.15,0.11,4.62
QMCO,Quantum Corp,2026-10-01,Technology,1.26,3.17,0.00,0.00,40.95,46.89,0.00,10.90,-80.76,-15.51,1.88,0.93
SPCX,Space Exploration Technologies Corp,2026-10-01,Telecommunication,2009.47,5.10,0.00,0.00,121.56,-8.58,0.00,0.00,-31.28,0.00,0.31,5.12
TMDX,Transmedics Group Inc,2026-10-01,Health Care,2.73,2.15,0.00,18.03,43.05,-26.76,105.49,25.82,22.69,32.97,1.66,6.62
RAL,Ralliant Corp,2026-10-01,Electrical Equipment,7.83,0.98,0.29,0.00,24.76,-17.01,0.00,0.00,-56.38,-64.05,0.75,1.52
CTSH,Cognizant Technology Solutions Corp,2026-10-01,Technology,27.42,0.87,2.21,12.62,9.51,-28.57,-5.40,5.64,10.26,14.94,0.11,2.18
GCBC,Greene County Bancorp Inc,2026-10-01,Banking,0.58,0.54,0.72,13.80,0.00,39.06,31.76,36.39,39.65,15.60,0.11,0.00
TSN,Tyson Foods Inc,2026-10-01,Food Products,17.40,0.40,4.05,30.21,12.77,8.02,-26.47,3.32,1.03,3.18,0.44,1.43
BLZE,Backblaze Inc,2026-10-01,Technology,0.88,1.56,0.00,0.00,70.90,-37.89,0.00,13.85,-13.07,-24.09,0.53,1.00
BWMN,Bowman Consulting Group Ltd,2026-10-01,Construction,0.74,1.49,0.00,100.07,30.37,50.33,-31.25,14.16,1.40,2.86,0.91,0.90
NUVB,Nuvation Bio Inc,2026-10-01,Pharmaceuticals,1.96,1.71,0.00,0.00,0.00,-27.92,0.00,1083.56,-88.19,-49.73,1.63,8.37
ATLC,Atlanticus Holdings Corp,2026-10-01,Financial Services,1.35,1.83,0.70,8.58,7.72,-25.94,24.58,79.04,13.02,22.75,8.45,1.27
KIDS,OrthoPediatrics Corp,2026-10-01,Health Care,0.57,0.99,0.00,0.00,0.00,-9.20,0.00,14.49,-15.72,-11.53,0.29,4.78
LRN,Stride Inc,2026-10-01,Diversified Consumer Services,3.22,0.17,0.00,9.53,10.44,-12.45,19.88,4.69,13.43,21.31,0.33,5.94
TWST,Twist Bioscience Corp,2026-10-01,Biotechnology,12.38,2.20,0.00,0.00,0.00,52.22,0.00,19.19,-31.66,-29.89,0.00,2.67
ANDE,Andersons Inc,2026-10-01,Retail,2.23,0.64,1.23,12.40,10.73,5.90,119.33,-5.20,1.62,14.15,0.68,1.51
LYV,Live Nation Entertainment Inc,2026-10-01,Media,39.32,1.16,0.00,293.94,0.00,-6.12,-86.93,10.75,0.51,179.66,111.76,0.85
EOSE,Eos Energy Enterprises Inc,2026-10-01,Electrical Equipment,1.14,3.02,0.00,0.00,0.00,12.79,0.00,533.87,-246.76,-190.21,3.37,3.26
TREX,Trex Company Inc,2026-10-01,Building,4.43,1.51,0.00,24.76,24.59,-15.15,-2.52,6.97,14.68,17.38,0.25,1.06
ONDS,Ondas Inc,2026-10-01,Communications,4.15,3.13,0.00,24.74,23.00,-16.41,0.00,979.28,96.25,18.79,0.00,9.85
BXC,Bluelinx Holdings Inc,2026-10-01,Trading Companies & Distributors,0.58,1.51,0.00,0.00,39.11,21.48,0.00,2.13,-0.06,-0.31,0.99,4.01
GNRC,Generac Holdings Inc,2026-10-01,Electrical Equipment,12.28,1.87,0.00,46.56,21.47,88.13,-25.57,0.61,5.82,9.54,0.46,2.04
EXLS,Exlservice Holdings Inc,2026-10-01,Professional Services,5.53,0.88,0.00,22.01,14.03,-15.75,10.07,13.63,11.17,28.49,0.44,1.24
WLY,John Wiley & Sons Inc,2026-10-01,Media,2.67,0.77,2.99,12.40,9.43,-11.54,110.82,-0.27,11.90,25.28,1.62,0.64
SSD,Simpson Manufacturing Co Inc,2026-10-01,Building,7.07,1.38,0.69,18.26,18.40,7.92,16.50,6.48,15.65,18.45,0.16,3.29
YETI,Yeti Holdings Inc,2026-10-01,Leisure Products,3.76,1.67,0.00,17.37,19.38,34.14,9.74,6.24,9.24,27.27,0.17,1.75
USB,US Bancorp,2026-10-01,Banking,89.37,1.06,4.01,10.83,10.53,4.31,18.72,84.12,20.01,12.48,1.42,0.00
PFSI,PennyMac Financial Services Inc,2026-10-01,Financial Services,3.22,1.49,1.95,8.28,7.43,2.07,0.82,17.03,12.65,9.14,3.55,0.04
SCSC,Scansource Inc,2026-10-01,Electrical Equipment,1.25,1.30,0.00,15.16,11.49,-1.34,21.31,6.09,2.44,8.66,0.11,1.76
JEF,Jefferies Financial Group Inc,2026-10-01,Financial Services,10.43,1.56,3.57,11.40,10.97,41.56,18.12,13.45,7.50,8.52,3.47,0.70
HBCP,Home Bancorp Inc,2026-10-01,Banking,0.53,0.50,1.85,11.05,11.02,-15.82,14.68,36.26,29.91,10.65,0.12,0.00
PHR,Phreesia Inc,2026-10-01,Health Care,0.64,0.78,0.00,61.17,34.64,-21.99,0.00,12.93,2.06,3.01,0.18,1.76
NWS,News Corp,2026-10-01,Media,16.03,1.03,1.27,27.99,21.71,19.22,-50.45,1.06,6.35,6.62,0.23,1.62
GKOS,Glaukos Corp,2026-10-01,Health Care,9.62,0.74,0.00,0.00,0.00,3.85,0.00,41.55,-30.68,-27.07,0.10,5.04
SGHT,Sight Sciences Inc,2026-09-28,Health Care,0.51,2.49,0.00,0.00,0.00,17.02,0.00,9.27,-35.69,-50.64,0.77,4.95
MOH,Molina Healthcare Inc,2026-10-01,Health Care,9.44,0.74,0.00,0.00,34.51,-36.36,0.00,2.55,-0.02,-0.17,0.95,1.68
EOG,EOG Resources Inc,2026-10-01,Energy,74.12,0.33,2.95,10.75,8.93,3.52,24.77,18.67,25.49,22.38,0.25,1.85
DCTH,Delcath Systems Inc,2026-10-01,Health Care,0.53,0.60,0.00,1006.07,0.00,-30.21,-86.62,35.85,0.56,0.46,0.00,9.83
ABBV,AbbVie Inc,2026-10-01,Biotechnology,459.33,0.20,2.59,73.26,16.93,-31.78,67.60,10.39,9.80,95.59,49.22,0.81
PTCT,PTC Therapeutics Inc,2026-10-01,Biotechnology,5.35,0.51,0.00,0.00,30.25,0.36,0.00,-42.84,-3.80,-351.91,848.93,3.39
PVH,PVH Corp,2026-10-01,"Textiles, Apparel & Luxury Goods",3.50,1.81,0.20,0.00,6.15,-18.66,0.00,1.64,-1.89,-3.49,0.47,1.65
DBX,Dropbox Inc,2026-10-01,Technology,7.41,0.63,0.00,16.79,10.45,36.73,8.29,-0.05,17.49,-36.76,0.81,1.07
IVZ,Invesco Ltd,2026-10-01,Financial Services,13.43,1.67,4.11,0.00,9.81,9.43,0.00,-14.48,-7.80,-0.51,0.85,0.71
BAND,Bandwidth Inc,2026-10-01,Telecommunication,2.01,3.15,0.00,883.69,31.23,-19.21,0.00,9.25,0.27,0.57,0.87,2.04
MIRM,Mirum Pharmaceuticals Inc,2026-10-01,Biotechnology,5.45,0.77,0.00,0.00,0.00,19.19,0.00,44.02,-139.18,-289.33,1.28,2.86
MNTN,MNTN Inc,2026-10-01,Media,0.77,0.76,0.00,13.49,13.12,-7.23,0.00,20.55,18.00,18.41,0.00,4.86
CAH,Cardinal Health Inc,2026-10-01,Health Care,53.28,0.55,0.93,30.96,17.27,7.87,12.43,14.23,0.67,37.17,5.65,0.88
GVA,Granite Construction Inc,2026-10-01,Construction,5.11,1.44,0.45,0.00,14.81,-7.20,0.00,21.80,-3.32,-16.01,2.07,1.01
META,Meta Platforms Inc,2026-10-01,Media,1849.31,1.25,0.29,27.13,22.28,44.35,-3.69,27.65,29.84,29.73,0.32,2.23
KMPR,Kemper Corp,2026-10-01,Insurance,1.53,1.12,4.99,0.00,7.35,-7.91,0.00,-3.89,-10.75,-19.33,0.43,0.28
HTGC,Hercules Capital Inc,2026-10-01,Financial Services,3.17,0.76,15.18,8.27,8.80,-18.78,17.22,12.34,67.68,12.80,1.03,1.16
AX,Axos Financial Inc,2026-10-01,Banking,4.98,1.35,0.00,10.16,9.07,37.32,14.77,78.89,35.20,16.41,0.35,0.00
ECPG,Encore Capital Group Inc,2026-10-01,Financial Services,2.00,1.31,0.00,6.66,6.91,-4.65,0.00,29.55,15.86,29.83,3.87,1.29
SKYH,Sky Harbour Group Corp,2026-10-01,Transportation Infrastructure,0.77,1.45,0.00,834.81,0.00,17.14,0.00,62.23,2.73,0.75,3.25,7.06
LLYVA,Formula One Group,2026-10-01,Media,22.71,0.71,0.00,106.44,40.41,49.41,-22.69,12.23,4.91,2.74,0.65,1.27
TYL,Tyler Technologies Inc,2026-10-01,Technology,13.52,0.79,0.00,40.78,25.24,-9.33,7.77,8.19,13.36,9.34,0.46,1.55
UFPT,UFP Technologies Inc,2026-10-01,Health Care,2.28,1.09,0.00,31.81,24.77,-34.19,7.53,7.32,11.45,16.72,0.25,3.00
MD,Pediatrix Medical Group Inc,2026-10-01,Health Care,2.09,0.65,0.00,11.88,10.97,-0.07,60.64,0.51,8.96,19.89,0.66,1.32
INDI,indie Semiconductor Inc,2026-10-01,Semiconductors,0.67,3.10,0.00,0.00,0.00,-10.91,0.00,6.19,-64.78,-44.49,1.41,3.65
HEI,HEICO Corp,2026-10-01,Aerospace & Defense,36.43,1.11,0.10,42.80,43.50,-0.56,31.66,20.69,16.38,18.30,0.51,2.72
ALGT,Allegiant Travel Co,2026-10-01,Airlines,2.06,1.63,0.00,79.21,8.59,-11.50,0.00,12.24,0.90,2.10,1.56,0.83
LPG,Dorian LPG Ltd,2026-10-01,Energy,2.42,0.81,5.22,7.52,6.70,-1.35,557.35,81.06,55.00,28.44,0.41,3.26
SYNA,Synaptics Inc,2026-10-01,Semiconductors,4.21,2.00,0.00,0.00,18.23,-39.23,0.00,8.90,-41.00,-38.70,0.90,1.12
DRUG,Bright Minds Biosciences Inc,2026-10-01,Biotechnology,0.70,1.99,0.00,0.00,0.00,64.84,0.00,0.00,0.00,-12.45,0.00,121.97
IESC,IES Holdings Inc,2026-10-01,Construction,13.16,1.82,0.13,28.79,29.29,-45.86,128.31,57.05,11.44,43.99,0.00,1.63
MCS,Marcus Corp,2026-10-01,Media,0.82,0.58,1.20,35.58,31.74,-9.37,57.45,1.81,2.87,5.01,0.35,0.44
DTE,DTE Energy Co,2026-10-01,Utilities,25.65,0.38,3.59,19.09,15.36,60.14,-8.91,-15.52,7.04,10.77,2.27,0.80
COLM,Columbia Sportswear Co,2026-10-01,"Textiles, Apparel & Luxury Goods",2.95,0.92,2.16,14.24,13.75,16.25,-1.80,-0.15,6.05,12.58,0.00,2.49
OMC,Omnicom Group Inc,2026-10-01,Media,20.49,0.76,3.68,52.53,6.76,14.84,-83.31,33.10,1.84,4.36,1.04,0.92
RUSHA,Rush Enterprises Inc,2026-10-01,Trading Companies & Distributors,5.60,0.88,1.09,20.78,16.72,-1.12,-5.45,-5.86,3.67,11.76,0.58,1.45
CCC,CCC Intelligent Solutions Holdings Inc,2026-10-01,Technology,3.90,0.41,0.00,92.06,13.10,29.40,3180.95,11.56,3.81,2.29,0.75,1.56
KODK,Eastman Kodak Co,2026-10-01,Technology,0.96,1.66,0.42,0.00,25.26,-3.94,0.00,9.45,-8.28,-12.78,0.16,2.91
VERX,Vertex Inc,2026-10-01,Technology,2.00,0.83,0.00,559.94,12.19,-24.29,0.00,10.83,0.45,1.41,1.40,0.87
PLMR,Palomar Holdings Inc,2026-10-01,Insurance,3.31,0.32,0.00,16.38,12.03,-4.86,30.94,60.67,18.76,21.61,0.30,0.00
ENS,EnerSys,2026-10-01,Electrical Equipment,6.84,1.21,0.59,18.58,14.18,2.22,6.65,3.73,9.29,18.48,0.53,2.80
LFST,LifeStance Health Group Inc,2026-10-01,Health Care,4.55,1.37,0.00,89.95,59.40,49.22,0.00,61.14,3.19,3.39,0.19,1.38
CF,CF Industries Holdings Inc,2026-10-01,Chemicals,17.33,0.55,1.83,8.20,10.41,3.67,76.26,20.04,27.12,40.41,0.56,4.86
BGC,Bgc Group Inc,2026-10-01,Financial Services,5.52,1.02,1.07,27.44,8.11,44.79,31.58,27.60,6.04,19.20,1.61,1.14
UHAL.B,U-Haul Holding Co,2026-10-01,Road & Rail,10.56,1.07,0.34,163.17,54.82,-32.89,-79.66,3.02,1.05,0.83,1.06,0.77
INFQ,Infleqtion Inc,2026-10-01,Technology,3.01,2.29,0.00,0.00,0.00,-34.40,0.00,0.00,0.00,-25.81,0.00,9.34
NTAP,NetApp Inc,2026-10-01,Technology,42.24,1.52,1.00,28.94,18.49,-17.41,25.19,12.15,19.19,113.67,1.66,1.24
EXTR,Extreme Networks Inc,2026-10-01,Communications,2.90,1.83,0.00,67.62,16.35,-18.46,0.00,12.59,3.28,50.74,1.85,0.93
KN,Knowles Corp,2026-10-01,Electrical Equipment,3.27,1.60,0.00,47.01,28.64,-26.54,173.09,12.77,10.63,8.70,0.16,3.20
OSPN,OneSpan Inc,2026-10-01,Technology,0.66,1.60,2.86,9.75,13.55,49.21,16.27,2.39,27.76,25.92,0.02,1.33
USFD,US Foods Holding Corp,2026-10-01,Retail,20.32,0.90,0.00,27.75,19.62,5.17,39.02,3.83,1.81,16.75,1.26,1.14
UVSP,Univest Financial Corp,2026-10-01,Banking,1.14,0.67,2.25,11.51,10.87,5.32,26.58,53.22,25.56,10.41,0.12,0.00
PCOR,Procore Technologies Inc,2026-10-01,Technology,7.85,0.80,0.00,0.00,30.73,-10.27,0.00,15.41,-2.73,-3.13,0.00,1.17
SKWD,Skyward Specialty Insurance Group Inc,2026-10-01,Insurance,2.43,0.37,0.00,12.48,10.43,-24.36,35.61,38.36,10.82,16.84,0.34,0.00
DHI,D.R. Horton Inc,2026-10-01,Consumer products,38.34,1.37,1.32,12.56,12.27,35.28,-15.73,-3.54,9.15,12.77,0.30,4.30
DPZ,Domino's Pizza Inc,2026-10-01,"Hotels, Restaurants & Leisure",9.76,0.97,2.49,16.50,14.60,-3.03,2.40,5.16,11.86,31.85,0.00,1.54
AMP,Ameriprise Financial Inc,2026-10-01,Financial Services,43.71,1.14,1.37,11.07,10.41,31.11,29.13,9.13,19.90,61.73,6.32,0.71
FRME,First Merchants Corp,2026-10-01,Banking,2.49,0.93,3.67,13.13,9.52,37.74,-18.97,61.80,37.76,7.26,0.07,0.00
TEX,Terex Corp,2026-10-01,Machinery,6.28,1.50,1.03,40.37,10.37,7.09,-26.42,29.17,2.23,4.30,0.55,1.82
CLF,Cleveland-Cliffs Inc,2026-10-01,Metals & Mining,6.54,2.06,0.00,0.00,0.00,-11.98,0.00,4.00,-4.56,-15.23,1.37,1.89
NEO,Neogenomics Inc,2026-10-01,Health Care,2.28,1.92,0.00,0.00,65.64,2.85,0.00,11.19,-6.77,-6.31,0.48,3.60
PAYC,Paycom Software Inc,2026-10-01,Professional Services,10.07,0.80,0.80,19.76,16.72,-10.90,27.14,9.23,22.78,40.44,1.57,1.07
FORM,FormFactor Inc,2026-10-01,Semiconductors,11.60,1.20,0.00,98.78,35.43,-17.13,156.16,18.01,12.80,10.96,0.01,4.08
BBAI,BigBear.ai Holdings Inc,2026-10-01,Technology,1.31,3.40,0.00,0.00,0.00,-50.34,0.00,-13.72,-65.20,-12.34,0.02,5.67
AZO,Autozone Inc,2026-10-01,Retail,46.02,0.38,0.00,17.58,16.52,38.13,5.40,7.39,12.65,249.27,37.81,0.89
LEU,Centrus Energy Corp,2026-10-01,Energy,2.85,1.40,0.00,59.07,54.64,-8.96,-64.14,8.47,10.23,7.06,1.39,5.39
TE,T1 Energy Inc,2026-10-01,Electrical Equipment,1.10,2.47,0.00,0.00,0.00,-39.18,0.00,0.00,-38.49,-144.49,2.00,1.30
AAMI,Acadian Asset Management Inc,2026-10-01,Financial Services,3.34,1.32,0.24,33.02,15.47,-5.43,18.22,24.21,15.17,161.82,2.62,0.83
MXL,Maxlinear Inc,2026-10-01,Semiconductors,8.35,3.93,0.00,0.00,37.24,-2.97,0.00,50.50,-18.24,-22.37,0.26,1.78
PAG,Penske Automotive Group Inc,2026-10-01,Retail,13.32,0.93,2.76,14.12,14.82,19.87,-0.98,4.13,2.94,16.46,1.18,0.98
PAYS,Paysign Inc,2026-10-01,Financial Services,0.81,0.93,0.00,51.98,33.03,7.93,111.13,46.84,15.67,30.13,0.00,1.14
MKL,Markel Group Inc,2026-10-01,Insurance,21.39,0.62,0.00,9.28,17.50,17.44,5.14,0.86,13.77,12.39,0.23,0.00
FLNC,Fluence Energy Inc,2026-10-01,Electrical Equipment,1.40,2.80,0.00,0.00,45.91,22.55,0.00,7.46,-3.07,-20.75,1.05,1.34
NUTX,Nutex Health Inc,2026-10-01,Health Care,1.45,0.68,5.79,8.08,7.50,6.47,250.74,6.88,21.25,51.88,0.80,5.00
FG,F&G Annuities & Life Inc,2026-10-01,Insurance,2.88,1.30,5.18,6.79,5.07,33.54,-41.10,11.88,6.90,8.86,0.49,0.40
YSWY,Yesway Inc,2026-10-01,Retail,1.32,0.00,0.00,15.45,0.00,-8.16,0.00,0.00,2.74,11.47,1.57,1.48
OSBC,Old Second Bancorp Inc,2026-10-01,Banking,1.25,0.80,1.15,13.35,10.65,22.06,-4.28,59.28,33.58,10.39,0.10,0.00
GEF.B,Greif Inc,2026-10-01,Packaging,4.28,0.82,2.53,4.19,17.81,44.46,420.19,-24.38,25.04,33.40,0.35,1.29
VECO,Veeco Instruments Inc,2026-10-01,Semiconductors,3.25,1.36,0.00,140.02,17.60,-28.53,-63.32,-2.52,3.40,2.62,0.25,3.93
WWD,Woodward Inc,2026-10-01,Aerospace & Defense,21.23,0.90,0.36,35.85,29.94,4.23,42.27,22.35,13.17,21.75,0.54,1.65
PRVA,Privia Health Group Inc,2026-10-01,Health Care,2.56,0.78,0.00,90.97,50.81,13.61,84.35,24.10,1.19,3.77,0.00,1.62
DNOW,DNOW Inc,2026-10-01,Trading Companies & Distributors,2.76,0.97,0.00,0.00,44.08,-18.51,0.00,69.84,-4.92,-10.52,0.23,2.14
GSBC,Great Southern Bancorp Inc,2026-10-01,Banking,0.85,0.53,2.25,12.45,13.58,-13.74,2.60,39.29,33.04,10.58,0.10,0.00
FLO,Flowers Foods Inc,2026-10-01,Food Products,1.18,0.42,16.13,20.85,7.98,15.98,-74.93,2.46,1.06,4.13,1.28,0.77
EVLV,Evolv Technologies Holdings Inc,2026-10-01,Electrical Equipment,0.85,1.88,0.00,0.00,0.00,7.02,0.00,41.67,-3.05,-4.53,0.24,1.18
IMKTA,Ingles Markets Inc,2026-10-01,Retail,1.57,0.57,0.79,14.93,0.00,-2.92,84.32,1.02,1.92,6.30,0.30,3.21
LEN.B,Lennar Corp,2026-10-01,Consumer products,19.73,1.40,2.62,11.85,15.00,102.09,-47.13,-7.45,4.93,7.34,0.28,8.00
NSIT,Insight Enterprises Inc,2026-10-01,Electrical Equipment,4.73,1.09,0.00,22.54,12.05,14.21,63.02,2.68,2.45,13.08,0.92,1.18
NNE,Nano Nuclear Energy Inc,2026-10-01,Electrical Equipment,0.84,3.96,0.00,0.00,0.00,-8.75,0.00,0.00,0.00,-6.66,0.00,79.18
HESM,Hess Midstream LP,2026-10-01,Energy,7.85,0.65,5.03,20.82,13.11,25.53,7.55,2.78,23.23,69.02,7.15,0.77
TTI,Tetra Technologies Inc,2026-10-01,Energy,0.86,1.30,0.00,136.93,23.51,2.45,-95.28,5.70,0.97,1.95,0.45,2.46
ONB,Old National Bancorp,2026-10-01,Banking,9.56,0.90,2.55,10.51,8.90,20.84,31.82,79.91,33.72,10.46,0.22,0.00
BSRR,Sierra Bancorp,2026-10-01,Banking,0.51,0.77,2.72,11.09,10.81,-26.70,17.51,37.57,24.61,12.38,0.57,0.00
PRDO,Perdoceo Education Corp,2026-10-01,Diversified Consumer Services,1.99,0.76,1.96,11.21,9.24,26.03,20.02,11.68,20.63,17.70,0.01,4.69
ALMR,Alamar Biosciences Inc,2026-10-01,Life Sciences Tools & Services,2.25,-0.26,0.00,0.00,0.00,86.75,0.00,0.00,0.00,0.00,0.03,11.85
TRV,Travelers Companies Inc,2026-10-01,Insurance,75.43,0.44,1.34,8.92,11.59,-20.26,65.09,2.39,16.95,25.62,0.27,1.00
SFM,Sprouts Farmers Market Inc,2026-10-01,Retail,6.01,0.73,0.00,12.30,11.74,14.29,7.54,7.20,5.58,34.84,0.08,0.99
VSTM,Verastem Inc,2026-10-01,Biotechnology,0.73,0.58,0.00,0.00,0.00,-7.71,0.00,3995.74,-231.59,-165.40,1.63,2.25
AEO,American Eagle Outfitters Inc,2026-10-01,Retail,3.01,1.34,2.83,8.85,7.84,0.92,86.37,8.21,5.91,20.03,0.03,1.59
LKQ,LKQ Corp,2026-10-01,Distributors,5.76,0.83,5.37,12.44,8.07,8.41,-33.88,-2.55,3.37,7.09,0.61,1.58
BH,Biglari Holdings Inc,2026-10-01,"Hotels, Restaurants & Leisure",1.13,0.61,0.00,0.00,0.00,72.63,0.00,43.76,-7.33,-5.49,0.58,2.45
CBRL,Cracker Barrel Old Country Store Inc,2026-10-01,"Hotels, Restaurants & Leisure",1.16,1.28,1.98,36.96,25.34,27.80,-32.48,-4.74,0.95,7.05,0.71,0.58
FDUS,Fidus Investment Corp,2026-10-01,Financial Services,0.77,0.77,10.73,9.91,9.49,-10.57,-9.84,11.90,45.36,10.54,0.98,1.37
ARCB,ArcBest Corp,2026-10-01,Road & Rail,2.90,1.72,0.38,175.18,15.04,-23.83,-89.51,3.70,0.39,1.26,0.17,0.97
AWI,Armstrong World Industries Inc,2026-10-01,Building,6.88,1.15,0.85,21.62,17.62,-14.05,8.16,8.57,18.60,35.36,0.60,1.52
GTM,Zoominfo Technologies Inc,2026-10-01,Media,1.12,0.82,0.00,0.00,3.44,-32.79,0.00,2.66,-43.02,7.96,0.88,0.72
SEI,Solaris Energy Infrastructure Inc,2026-10-01,Energy,5.72,1.43,0.47,104.48,34.53,-6.53,27.27,70.52,7.19,7.85,2.77,4.12
AVGO,Broadcom Inc,2026-10-01,Semiconductors,1640.41,1.49,0.72,43.68,19.01,-8.72,100.10,48.69,42.94,43.91,0.60,2.50
WYFI,WhiteFiber Inc,2026-10-01,Technology,1.01,4.73,0.00,0.00,0.00,-48.61,0.00,13.76,-46.87,-10.72,0.91,0.79
COHR,Coherent Corp,2026-10-01,Electrical Equipment,62.51,2.17,0.02,69.88,33.79,9.83,1617.20,22.51,11.31,8.37,0.30,2.43
COP,ConocoPhillips,2026-10-01,Energy,152.64,0.23,2.70,16.25,13.12,8.87,1.31,9.60,14.65,14.32,0.36,1.54
GPRE,Green Plains Inc,2026-10-01,Energy,1.05,1.13,0.22,8.41,8.58,-5.41,0.00,-23.68,6.78,15.54,0.56,1.99
HUBB,Hubbell Inc,2026-10-01,Electrical Equipment,24.67,0.82,1.21,27.23,20.74,-14.19,9.77,10.61,14.49,23.72,1.37,1.61
MA,Mastercard Inc,2026-10-01,Financial Services,481.81,0.82,0.60,29.78,25.02,-1.21,22.62,16.01,46.34,232.48,4.39,1.06
MNKD,MannKind Corp,2026-10-01,Biotechnology,1.27,1.10,0.00,0.00,0.00,30.74,0.00,30.46,-10.87,-297.71,9.95,1.72
DTM,DT Midstream Inc,2026-10-01,Energy,12.25,0.76,5.33,34.64,25.80,16.02,-1.25,18.12,27.00,9.88,0.70,1.37
SAFT,Safety Insurance Group Inc,2026-10-01,Insurance,1.52,0.19,3.55,22.19,17.44,-26.13,-18.55,8.58,5.35,7.79,0.06,3.91
COR,Cencora Inc,2026-10-01,Health Care,59.11,0.60,0.79,22.52,15.93,-8.21,38.37,5.09,0.79,106.43,3.84,0.93
KMT,Kennametal Inc,2026-10-01,Machinery,2.42,1.30,2.51,7.08,6.72,6.06,268.24,19.82,14.53,24.79,0.46,2.62
LPLA,LPL Financial Holdings Inc,2026-10-01,Financial Services,24.58,0.56,0.40,23.92,10.91,19.93,-14.22,38.82,5.13,18.45,1.31,2.22
SNDX,Syndax Pharmaceuticals Inc,2026-10-01,Biotechnology,1.63,0.43,0.00,0.00,0.00,24.41,0.00,222.65,-87.52,-372.94,38.95,6.77
NBTB,NBT Bancorp Inc,2026-10-01,Banking,2.64,0.52,2.95,12.21,11.55,13.36,47.67,32.08,24.09,11.26,0.24,0.00
BTU,Peabody Energy Corp,2026-10-01,Energy,3.02,0.44,1.22,0.00,14.11,0.90,0.00,-0.68,-4.56,-5.29,0.10,2.01
CBOE,Cboe Global Markets Inc,2026-10-01,Financial Services,28.95,0.42,1.04,21.53,17.98,23.07,50.40,11.68,26.73,25.75,0.26,1.57
EVCM,EverCommerce Inc,2026-10-01,Technology,1.75,0.64,0.00,51.32,10.11,1.29,0.00,-6.77,5.69,4.74,0.73,2.14
DSGR,Distribution Solutions Group Inc,2026-10-01,Trading Companies & Distributors,1.62,0.54,0.00,180.33,21.94,21.41,127.24,6.45,0.44,1.37,1.12,2.54
CPNG,Coupang Inc,2026-10-01,Retail,24.81,1.18,0.00,0.00,0.00,-26.73,0.00,9.92,-2.16,-18.84,0.87,0.87
QCOM,Qualcomm Inc,2026-10-01,Semiconductors,191.24,1.71,1.99,20.80,19.66,5.48,-16.65,1.88,21.01,37.33,0.55,2.02
FDX,FedEx Corp,2026-10-01,Logistics & Transportation,67.94,1.31,2.04,15.22,14.99,3.84,9.81,7.73,4.68,15.11,0.81,1.48
SHEN,Shenandoah Telecommunications Co,2026-10-01,Telecommunication,0.62,0.86,0.00,0.00,0.00,172.01,0.00,5.01,-12.23,-5.13,0.83,0.85
AAON,Aaon Inc,2026-10-01,Building,6.78,1.42,0.48,42.41,24.75,18.61,29.68,53.53,8.24,17.21,0.46,3.01
XZO,Exzeo Group Inc,2026-10-01,Insurance,1.44,6.75,0.00,15.10,0.00,80.34,0.00,0.00,39.14,38.77,0.00,1.85
HRB,H & R Block Inc,2026-10-01,Diversified Consumer Services,5.18,0.47,4.10,7.02,6.88,10.05,27.92,4.90,18.59,249.97,12.69,1.13
TDG,TransDigm Group Inc,2026-10-01,Aerospace & Defense,60.65,0.98,8.82,28.19,26.68,7.29,10.35,16.65,21.28,37.11,5.41,3.02
VIAV,Viavi Solutions Inc,2026-10-01,Communications,11.05,1.27,0.00,0.00,21.24,2.37,0.00,40.03,-2.00,-3.16,0.45,1.85
EGBN,Eagle Bancorp Inc,2026-10-01,Banking,0.86,1.01,0.71,0.00,13.18,37.96,0.00,53.79,37.45,-4.25,0.07,0.00
TPC,Tutor Perini Corp,2026-10-01,Construction,4.38,2.14,0.22,35.12,14.02,-26.50,0.00,24.70,2.08,10.13,0.31,1.29
DJCO,Daily Journal Corp,2026-10-01,Technology,0.90,0.84,0.00,0.00,0.00,25.58,0.00,23.35,-11.63,-3.11,0.06,11.65
CPRT,Copart Inc,2026-10-01,Commercial Services & Supplies,25.28,1.05,0.00,16.96,17.49,-6.73,-2.34,0.41,31.81,15.93,0.00,7.91
NET,Cloudflare Inc,2026-10-01,Technology,124.98,1.36,0.00,0.00,278.28,-10.63,0.00,33.53,-8.21,-13.86,2.02,1.82
MNST,Monster Beverage Corp,2026-10-01,Beverages,82.55,0.54,0.00,38.29,34.77,0.41,34.59,20.37,23.08,24.96,0.00,3.73
FAST,Fastenal Co,2026-10-01,Trading Companies & Distributors,57.63,0.66,1.85,42.14,36.65,3.73,13.58,12.54,15.45,34.02,0.03,4.18
TCBK,Trico Bancshares,2026-10-01,Banking,1.66,0.71,2.85,12.02,12.09,7.57,23.35,31.49,29.67,10.23,0.04,0.00
ADTN,ADTRAN Holdings Inc,2026-10-01,Communications,0.58,1.53,0.00,0.00,14.46,-22.35,0.00,15.75,-2.29,-18.82,1.69,1.79
PTGX,Protagonist Therapeutics Inc,2026-10-01,Biotechnology,9.01,1.18,0.00,111.64,269.04,26.93,45.97,34.81,29.40,12.03,0.00,21.71
NBBK,NB Bancorp Inc,2026-10-01,Banking,0.91,0.04,1.32,15.26,9.42,0.32,14.74,28.38,14.89,7.21,7.72,0.06
BZH,Beazer Homes USA Inc,2026-10-01,Consumer products,0.89,2.26,0.00,0.00,0.00,16.28,0.00,-12.75,-0.37,-0.65,1.23,9.14
EMAT,Evolution Metals & Technologies Corp,2026-10-01,Metals & Mining,1.35,0.12,0.00,0.00,0.00,184.84,0.00,0.00,0.00,-86.53,5.49,0.02
FMBH,First Mid Bancshares Inc,2026-10-01,Banking,1.31,0.81,1.88,13.00,10.16,9.73,14.16,34.48,26.99,9.86,0.24,0.00
SVV,Savers Value Village Inc,2026-10-01,Retail,1.43,1.21,0.00,64.29,18.66,16.40,-10.41,10.20,1.29,5.19,1.66,0.79
MSA,MSA Safety Inc,2026-10-01,Commercial Services & Supplies,6.91,0.92,1.20,21.97,18.40,-3.14,14.65,6.48,16.13,23.15,0.43,3.24
BIIB,Biogen Inc,2026-10-01,Biotechnology,32.92,0.12,0.00,39.99,14.74,19.20,-46.02,0.31,8.32,4.51,0.43,1.87
SPT,Sprout Social Inc,2026-10-01,Technology,0.63,0.99,0.00,0.00,6.96,-16.92,0.00,11.85,-6.13,-14.05,0.14,1.03
ALAB,"Astera Labs, Inc",2026-10-01,Semiconductors,61.83,3.73,0.00,167.14,64.23,-12.53,254.91,98.48,30.74,25.24,0.00,10.05
MBC,Masterbrand Inc,2026-10-01,Building,1.43,1.50,0.00,0.00,0.00,54.95,0.00,-0.01,-3.49,-6.44,0.71,1.76
CARR,Carrier Global Corp,2026-10-01,Building,45.52,1.33,1.72,37.20,17.12,20.96,-67.99,-1.58,5.52,8.89,0.91,1.02
RCUS,Arcus Biosciences Inc,2026-10-01,Biotechnology,3.21,1.00,0.00,0.00,0.00,20.02,0.00,-50.00,-393.16,-89.54,0.22,3.82
PEN,Penumbra Inc,2026-10-01,Health Care,12.53,0.71,0.00,78.12,67.54,19.42,9.12,17.55,10.67,11.09,0.01,5.75
ALGN,Align Technology Inc,2026-10-01,Health Care,10.33,1.74,0.00,24.77,12.57,2.48,-2.55,4.41,9.99,10.09,0.00,1.40
FHI,Federated Hermes Inc,2026-10-01,Financial Services,4.19,0.66,2.56,10.18,9.89,20.02,19.59,15.25,21.18,34.03,0.28,2.59
ACM,AECOM,2026-10-01,Construction,7.67,0.92,1.95,26.63,10.17,-13.40,-52.39,-4.24,1.87,12.54,1.24,1.06
SPSC,SPS Commerce Inc,2026-10-01,Technology,3.03,0.66,0.00,38.32,15.66,-23.19,-4.87,9.80,10.10,8.14,0.00,2.26
TTAN,ServiceTitan Inc,2026-10-01,Technology,6.50,1.42,0.00,0.00,39.90,42.98,0.00,22.90,-12.12,-8.33,0.00,4.55
PJT,PJT Partners Inc,2026-10-01,Financial Services,3.59,0.91,0.69,18.25,17.16,7.09,79.10,22.91,10.58,71.16,0.00,0.87
RYAN,Ryan Specialty Holdings Inc,2026-10-01,Insurance,9.82,0.58,0.67,99.17,16.36,9.29,332.48,14.36,3.08,16.34,7.13,1.00
KAI,Kadant Inc,2026-10-01,Machinery,3.11,1.21,0.52,29.55,20.04,1.78,-6.99,4.88,9.45,10.74,0.36,2.47
CAR,Avis Budget Group Inc,2026-10-01,Road & Rail,3.75,1.95,0.00,0.00,24.28,-14.32,0.00,0.45,-5.43,432.61,159.85,0.81
COAG,Hemab Therapeutics Holdings Inc,2026-10-01,Biotechnology,1.45,-0.87,0.00,0.00,0.00,108.97,0.00,0.00,0.00,0.00,0.00,35.85
BV,Brightview Holdings Inc,2026-10-01,Commercial Services & Supplies,0.94,1.20,3.80,46.46,20.20,-0.63,-62.82,1.45,0.74,1.15,0.51,1.28
TTC,Toro Co,2026-10-01,Machinery,9.26,0.70,1.62,25.48,18.77,15.17,13.31,5.15,7.64,26.06,0.72,1.58
FWRG,First Watch Restaurant Group Inc,2026-10-01,"Hotels, Restaurants & Leisure",0.63,1.09,0.00,35.45,51.03,10.73,331.35,19.27,1.35,2.85,0.46,0.27
ROOT,Root Inc,2026-10-01,Insurance,0.72,3.09,0.00,11.51,16.27,-0.14,-27.25,15.18,3.96,15.07,0.45,0.08
QXO,QXO Inc,2026-10-01,Trading Companies & Distributors,12.50,2.34,1.54,0.00,44.88,9.37,0.00,408.19,-5.17,-4.87,0.50,4.11
ADSK,Autodesk Inc,2026-10-01,Technology,44.16,1.31,0.00,27.22,16.12,-17.32,59.92,17.94,21.08,52.50,1.03,0.86
LIND,Lindblad Expeditions Holdings Inc,2026-10-01,"Hotels, Restaurants & Leisure",2.21,2.33,0.00,0.00,70.11,6.82,0.00,18.27,-2.08,-266.50,102.43,0.84
CHTR,Charter Communications Inc,2026-10-01,Media,19.50,0.76,0.00,4.00,2.72,9.63,5.45,-1.50,9.05,30.43,5.70,0.36
ITRI,Itron Inc,2026-10-01,Electrical Equipment,3.78,1.36,0.00,13.80,13.80,-2.24,2.17,-5.69,11.90,16.52,0.97,2.75
AWK,American Water Works Co Inc,2026-10-01,Utilities,25.41,0.57,2.60,22.42,20.76,-15.57,4.00,6.92,21.35,10.15,1.37,0.52
PHIN,Phinia Inc,2026-10-01,Auto Components,2.20,1.16,1.97,16.13,9.12,32.45,34.56,7.06,3.76,8.62,0.66,1.81
CFFN,Capitol Federal Financial Inc,2026-10-01,Banking,1.06,0.68,4.66,12.57,11.25,39.91,38.29,0.00,0.00,8.01,0.00,0.00
HIG,Hartford Insurance Group Inc,2026-10-01,Insurance,34.06,0.51,1.94,7.64,9.57,24.36,40.07,5.69,15.08,22.99,0.22,0.00
BMNR,Bitmine Immersion Technologies Inc,2026-10-01,Technology,16.12,2.11,0.00,0.00,0.00,-0.37,0.00,1022.30,-14306.58,-84.58,0.00,36.68
KEYS,Keysight Technologies Inc,2026-10-01,Electrical Equipment,63.65,1.17,0.00,49.19,32.63,-23.51,131.85,25.54,19.14,20.17,0.38,2.02
PURR,Hyperliquid Strategies Inc,2026-10-01,Biotechnology,2.86,1.09,0.00,0.00,24.55,46.18,0.00,0.00,0.00,0.00,0.00,41.62
PZZA,Papa John's International Inc,2026-10-01,"Hotels, Restaurants & Leisure",0.65,1.15,9.48,23.54,15.60,15.92,-89.44,-14.32,1.40,579.69,33.61,0.83
JCAP,Jefferson Capital Inc,2026-10-01,Financial Services,1.10,0.79,5.53,7.07,6.49,-17.25,0.00,0.00,23.50,33.84,2.95,2.87
CRCT,Cricut Inc,2026-10-01,Consumer products,1.36,0.12,14.79,15.56,20.94,9.90,22.78,-3.11,12.71,24.57,0.00,2.49
WTM,White Mountains Insurance Group Ltd,2026-10-01,Insurance,5.25,0.32,0.05,4.34,15.61,-15.55,450.36,15.52,37.34,21.23,0.17,0.01
UFPI,UFP Industries Inc,2026-10-01,Building,4.25,1.17,1.39,17.46,16.07,14.05,-18.68,-3.93,3.99,8.06,0.08,3.98
CTMX,CytomX Therapeutics Inc,2026-10-01,Biotechnology,0.57,2.24,0.00,0.00,0.00,13.67,0.00,-87.03,-435.21,-38.46,0.00,9.36
MSEX,Middlesex Water Co,2026-10-01,Utilities,0.99,0.73,2.65,20.59,20.08,-8.56,7.41,5.26,23.26,9.57,0.84,0.50
SXC,SunCoke Energy Inc,2026-10-01,Metals & Mining,0.83,0.96,5.15,0.00,27.43,-21.90,0.00,2.78,-2.88,-8.89,1.12,2.25
AGX,Argan Inc,2026-10-01,Construction,5.33,0.63,0.53,29.42,26.13,25.14,52.21,29.02,15.09,38.51,0.00,1.50
CCK,Crown Holdings Inc,2026-10-01,Packaging,11.55,0.56,1.21,14.42,12.37,22.92,45.86,10.35,5.91,26.58,2.11,1.05
LNT,Alliant Energy Corp,2026-10-01,Utilities,16.52,0.53,3.24,20.20,17.89,29.40,-2.46,7.54,18.97,11.04,1.61,0.47
BCPC,Balchem Corp,2026-10-01,Chemicals,5.22,0.86,0.60,31.43,27.39,10.20,16.69,10.14,15.14,12.79,0.12,2.66
MCY,Mercury General Corp,2026-10-01,Insurance,5.55,0.97,1.28,5.86,8.56,12.68,140.14,9.95,14.77,37.19,0.33,0.18
CBRE,CBRE Group Inc,2026-10-01,Real Estate,37.80,1.25,0.00,29.05,16.66,22.28,22.19,14.53,2.98,15.16,0.99,1.14
CPB,Campbell's Co,2026-10-01,Food Products,5.81,0.07,8.10,14.57,11.75,-13.21,-33.71,-4.96,4.08,10.05,1.85,0.82
MATX,Matson Inc,2026-10-01,Marine,6.74,1.35,0.66,14.51,13.62,14.76,0.86,-0.16,13.41,16.94,0.12,0.89
BXSL,Blackstone Secured Lending Fund,2026-10-01,Financial Services,5.57,0.45,12.26,19.00,9.32,-3.60,-55.20,-2.58,21.53,4.78,1.27,0.96
CVLG,Covenant Logistics Group Inc,2026-10-01,Road & Rail,0.84,1.45,0.84,220.91,14.03,-17.48,-92.12,8.34,0.31,0.92,0.71,1.14
GNTX,Gentex Corp,2026-10-01,Auto Components,4.62,0.84,2.25,11.36,10.23,-10.05,6.80,10.13,15.50,16.24,0.00,3.04
CEG,Constellation Energy Corp,2026-10-01,Utilities,91.74,1.14,2.75,26.48,20.24,-9.47,7.20,25.98,11.08,14.69,0.77,1.46
CGEM,Cullinan Therapeutics Inc,2026-10-01,Biotechnology,0.94,0.00,0.00,0.00,0.00,60.83,0.00,0.00,0.00,-52.89,0.00,8.42
VTOL,Bristow Group Inc,2026-10-01,Energy,1.21,1.27,0.61,11.58,9.51,41.51,-13.05,8.19,6.66,9.82,0.68,2.26
VLTO,Veralto Corp,2026-10-01,Commercial Services & Supplies,23.12,0.80,0.52,23.27,20.55,9.51,11.08,6.23,17.35,32.79,1.09,1.78
CSWC,Capital Southwest Corp,2026-10-01,Financial Services,1.48,0.72,10.31,13.28,10.17,-6.44,8.05,13.48,46.68,11.04,1.15,8.94
ES,Eversource Energy,2026-10-01,Utilities,24.22,0.68,4.71,16.69,13.69,26.48,66.18,7.75,10.35,8.82,1.81,0.80
MDXG,MiMedx Group Inc,2026-10-01,Biotechnology,0.68,1.19,0.00,108.40,364.19,2.09,-81.69,-2.36,1.76,2.61,0.08,5.33
VLO,Valero Energy Corp,2026-10-01,Energy,117.08,0.58,1.25,15.65,10.02,53.49,895.99,12.62,5.17,29.94,0.45,1.64
TITN,Titan Machinery Inc,2026-10-01,Trading Companies & Distributors,0.55,1.43,0.00,0.00,0.00,-25.42,0.00,-10.67,-2.46,-9.80,1.49,1.35
SNDA,Sonida Senior Living Inc,2026-10-01,Health Care,1.81,0.88,0.22,0.00,0.00,-28.99,0.00,102.14,-23.27,-26.06,1.82,0.88
LII,Lennox International Inc,2026-10-01,Building,12.46,1.20,1.49,15.42,14.68,1.38,-3.03,-2.11,14.98,66.95,1.22,1.57
ARCC,Ares Capital Corp,2026-10-01,Financial Services,13.76,0.67,9.66,14.33,10.05,1.65,-34.07,3.16,30.91,6.78,1.14,1.10
AME,AMETEK Inc,2026-10-01,Electrical Equipment,57.11,0.97,0.52,36.32,27.30,18.69,10.33,12.66,20.04,14.55,0.18,1.21
BOBS,"Bob's Discount Furniture, Inc",2026-10-01,Retail,1.81,2.95,0.00,0.00,15.04,25.75,0.00,0.00,0.00,0.00,0.16,0.90
MHK,Mohawk Industries Inc,2026-10-01,Consumer products,7.56,1.21,0.00,15.99,12.73,36.26,0.20,4.62,4.15,5.52,0.22,1.92
SCHL,Scholastic Corp,2026-10-01,Media,0.66,1.14,3.10,11.38,19.09,80.26,0.00,-2.68,3.58,6.61,0.15,1.23
WHR,Whirlpool Corp,2026-10-01,Consumer products,2.47,1.18,8.70,10.75,10.09,15.09,0.00,-3.88,1.25,5.80,1.80,1.15
OPCH,Option Care Health Inc,2026-10-01,Health Care,3.38,0.53,0.00,16.14,11.81,-0.03,5.35,5.95,3.68,15.83,0.92,1.47
WM,Waste Management Inc,2026-10-01,Commercial Services & Supplies,90.47,0.41,1.73,29.01,23.53,2.85,4.83,7.17,11.12,28.92,2.35,0.91
SABR,Sabre Corp,2026-10-01,"Hotels, Restaurants & Leisure",0.80,1.17,0.00,1.19,18.66,23.35,0.00,-3.03,25.14,-425.39,195.91,1.02
DAN,Dana Inc,2026-10-01,Auto Components,2.97,2.13,1.72,2.66,8.28,9.36,0.00,-15.78,14.55,76.79,0.70,1.49
GLW,Corning Inc,2026-10-01,Electrical Equipment,138.18,1.18,0.76,68.97,39.56,-37.91,131.21,19.41,11.20,15.93,0.67,1.81
EXPD,Expeditors International of Washington Inc,2026-10-01,Logistics & Transportation,24.40,1.09,0.86,26.47,23.81,0.29,12.15,6.77,7.63,40.66,0.00,1.57
MSIF,MSC Income Fund Inc,2026-10-01,Financial Services,0.55,0.85,11.46,5.51,8.86,-33.08,26.72,3.14,70.72,13.47,0.88,1.66
MMS,Maximus Inc,2026-10-01,Professional Services,2.80,0.60,2.41,7.63,6.61,26.32,24.75,-3.32,7.07,21.72,0.94,2.42
CL,Colgate-Palmolive Co,2026-10-01,Consumer products,67.39,0.33,2.69,33.20,21.53,24.19,-28.94,5.24,9.68,631.14,33.29,1.03
AOS,A O Smith Corp,2026-10-01,Building,7.70,1.04,2.61,15.19,14.57,-5.71,0.04,0.39,13.15,26.96,0.35,1.59
SN,Sharkninja Inc,2026-10-01,Consumer products,25.33,1.24,0.00,36.50,27.37,19.65,33.40,17.49,10.06,26.01,0.25,2.08
PKG,Packaging Corp of America,2026-10-01,Packaging,20.47,0.82,2.22,29.17,19.27,-2.59,-23.29,10.35,7.25,14.87,0.85,2.94
ALG,Alamo Group Inc,2026-10-01,Machinery,1.90,1.07,0.82,18.53,14.16,53.97,-15.02,4.07,6.08,8.70,0.22,4.39
GEO,Geo Group Inc,2026-10-01,Commercial Services & Supplies,4.05,0.79,0.00,14.10,24.31,29.26,227.60,15.32,10.31,19.30,1.02,1.65
TER,Teradyne Inc,2026-10-01,Semiconductors,65.00,1.68,0.12,56.73,36.71,-34.48,152.84,57.87,25.77,38.04,0.00,2.12
CENT,Central Garden & Pet Co,2026-10-01,Consumer products,2.18,0.67,0.00,12.87,12.93,-12.45,22.39,-1.16,5.39,10.15,0.68,3.79
DGII,Digi International Inc,2026-10-01,Communications,2.79,1.00,0.00,59.48,24.02,4.60,11.11,20.26,9.63,7.39,0.16,1.13
TOL,Toll Brothers Inc,2026-10-01,Consumer products,12.57,1.31,0.79,10.25,9.93,33.74,-8.47,-1.08,11.14,14.23,0.32,3.86
OVV,Ovintiv Inc,2026-10-01,Energy,16.52,0.65,1.95,17.90,8.24,-0.25,56.27,5.98,9.43,8.27,0.33,1.01
ORLY,O'Reilly Automotive Inc,2026-10-01,Retail,68.79,0.56,0.00,25.94,24.16,-3.72,-76.61,8.47,14.27,423.35,17.55,0.75
APLD,Applied Digital Corp,2026-10-01,Technology,7.23,5.60,0.10,0.00,0.00,-9.94,0.00,364.92,-42.33,-16.03,2.83,4.01
OCTV,Octave Intelligence PLC,2026-10-01,Technology,5.12,0.39,0.00,0.00,13.58,84.67,0.00,0.00,-69.14,0.00,0.13,1.03
RGR,Sturm Ruger & Company Inc,2026-10-01,Leisure Products,0.70,0.16,0.91,56.28,22.24,111.38,141.54,7.64,2.11,4.29,0.00,3.35
NMAX,Newsmax Inc,2026-10-01,Media,1.27,1.76,0.00,0.00,0.00,-1.89,0.00,-22.63,-3.15,-5.93,0.00,2.39
VZ,Verizon Communications Inc,2026-10-01,Telecommunication,190.58,0.27,6.10,11.78,8.92,-5.05,-10.78,1.38,11.64,15.52,1.59,0.60
MGM,MGM Resorts International,2026-10-01,"Hotels, Restaurants & Leisure",7.67,1.35,0.00,18.16,16.29,90.67,-10.50,3.19,2.40,16.95,2.50,1.33
BHRB,Burke & Herbert Financial Services Corp,2026-10-01,Banking,1.39,0.23,3.26,14.33,8.67,2.44,-9.52,34.63,26.53,10.37,0.57,0.00
ROL,Rollins Inc,2026-10-01,Commercial Services & Supplies,14.71,0.75,2.39,27.15,26.03,75.59,9.05,9.90,13.55,37.20,0.49,0.63
AUR,Aurora Innovation Inc,2026-10-01,Technology,11.06,2.74,0.00,0.00,0.00,37.16,0.00,0.00,-18000.00,-43.12,0.00,11.38
CRL,Charles River Laboratories International Inc,2026-10-01,Life Sciences Tools & Services,13.69,1.40,0.00,0.00,25.28,18.02,0.00,-0.74,-5.96,-7.72,0.93,1.35
NMFC,New Mountain Finance Corp,2026-10-01,Financial Services,0.66,0.66,18.29,0.00,6.68,-3.02,0.00,-18.97,-16.78,-4.29,1.32,0.74
KSS,Kohls Corp,2026-10-01,Retail,2.15,1.37,2.63,7.88,10.42,-12.99,26.68,-2.87,1.75,6.68,0.89,1.49
CBLL,Ceribell Inc,2026-10-01,Health Care,0.91,0.98,0.00,0.00,0.00,9.84,0.00,31.70,-64.73,-44.85,0.16,9.18
CSCO,Cisco Systems Inc,2026-10-01,Communications,428.80,1.01,1.53,32.32,20.51,4.22,30.78,11.77,20.95,27.39,0.59,0.93
SITE,SiteOne Landscape Supply Inc,2026-10-01,Trading Companies & Distributors,3.91,1.34,0.00,23.41,21.59,5.67,34.80,3.28,3.48,9.96,0.38,2.30
BRC,Brady Corp,2026-10-01,Commercial Services & Supplies,3.95,0.62,1.17,19.28,12.56,12.37,9.26,9.78,12.36,15.62,0.01,1.94
PRCT,Procept Biorobotics Corp,2026-10-01,Health Care,0.97,0.91,0.00,0.00,0.00,-4.59,0.00,22.69,-32.54,-30.62,0.15,6.55
CRD.B,Crawford & Co,2026-10-01,Insurance,0.59,0.43,2.51,24.98,11.28,372.56,-20.27,-4.12,1.81,13.01,1.06,1.19
BA,Boeing Co,2026-10-01,Aerospace & Defense,151.97,1.34,0.23,60.90,0.00,60.80,0.00,24.78,2.59,132.92,7.52,1.14
JMKE,Jersey Mike's Subs Inc,2026-10-01,"Hotels, Restaurants & Leisure",5.33,-1.51,0.00,0.00,0.00,3.09,0.00,0.00,0.00,0.00,0.36,1.82
NCNO,nCino Inc,2026-10-01,Technology,2.05,0.82,0.00,60.90,13.21,-24.23,0.00,8.57,5.40,3.36,0.35,0.85
HUT,Hut 8 Corp,2026-10-01,Technology,10.64,4.51,0.00,0.00,0.00,-2.27,0.00,120.22,112.17,-6.46,0.35,1.26
ATMU,Atmus Filtration Technologies Inc,2026-10-01,Machinery,3.64,1.23,0.51,16.47,14.25,22.34,15.91,13.05,11.32,54.68,2.20,2.65
MSM,MSC Industrial Direct Co Inc,2026-10-01,Trading Companies & Distributors,7.18,0.82,2.72,30.75,22.16,10.72,16.56,4.41,5.91,16.60,0.36,1.55
CRBG,Corebridge Financial Inc,2026-10-01,Financial Services,15.00,1.02,3.27,16.54,6.25,17.22,0.00,33.24,4.64,7.53,1.02,0.00
VFC,VF Corp,2026-10-01,"Textiles, Apparel & Luxury Goods",5.67,1.59,2.53,20.35,11.11,21.68,0.00,0.19,2.88,15.95,1.99,1.43
MLI,Mueller Industries Inc,2026-10-01,Machinery,13.56,1.01,0.97,15.78,13.80,49.03,-24.03,14.81,18.25,25.85,0.00,4.78
SOC,Sable Offshore Corp,2026-10-01,Energy,0.63,-0.10,0.00,0.00,0.00,-6.11,0.00,0.00,0.00,-102.11,2.45,0.24
MSBI,Midland States Bancorp Inc,2026-10-01,Banking,0.68,0.65,5.47,15.61,9.95,32.76,0.00,43.34,28.73,7.55,0.15,0.00
COST,Costco Wholesale Corp,2026-10-01,Retail,405.56,0.86,0.61,43.48,39.72,18.59,14.01,10.14,3.04,28.02,0.17,1.06
SIRI,Sirius XM Holdings Inc,2026-10-01,Media,8.64,1.01,4.25,9.73,8.41,9.09,0.00,0.44,10.23,7.53,0.79,0.46
WMB,Williams Companies Inc,2026-10-01,Energy,86.72,0.66,2.94,27.68,27.94,2.73,26.31,8.72,25.18,23.86,2.33,0.48
SPTX,Seaport Therapeutics Inc,2026-10-01,Pharmaceuticals,1.01,0.45,0.00,0.00,0.00,123.37,0.00,0.00,0.00,0.00,0.00,18.00
POWI,Power Integrations Inc,2026-10-01,Semiconductors,2.88,1.57,1.64,114.86,30.38,-6.74,-23.40,1.56,5.58,3.72,0.00,7.07
CMC,Commercial Metals Co,2026-10-01,Metals & Mining,6.94,1.58,1.22,11.35,8.92,2.65,1594.79,15.23,6.72,13.65,0.75,2.33
CBSH,Commerce Bancshares Inc,2026-10-01,Banking,7.86,0.63,2.00,13.34,12.39,0.96,0.90,41.29,32.00,14.39,0.56,0.00
SSYS,Stratasys Ltd,2026-10-01,Machinery,0.75,1.80,0.00,0.00,50.57,-13.78,0.00,-3.05,-21.05,-13.80,0.00,3.48
MPWR,Monolithic Power Systems Inc,2026-10-01,Semiconductors,66.88,1.72,0.50,81.72,41.94,-3.58,-57.21,28.67,24.58,21.93,0.00,4.98
ENOV,Enovis Corp,2026-10-01,Health Care,1.04,1.46,0.00,0.00,4.96,33.37,0.00,4.89,-47.97,-68.17,0.87,1.98
ESAB,ESAB Corp,2026-10-01,Machinery,4.17,1.16,0.58,24.18,11.02,36.98,-32.85,9.65,5.75,7.66,0.94,1.96
BWB,Bridgewater Bancshares Inc,2026-10-01,Banking,0.57,0.63,0.71,10.09,10.23,-34.56,45.63,43.10,37.48,10.78,0.20,0.00
SEZL,Sezzle Inc,2026-10-01,Financial Services,3.69,6.77,0.00,22.54,17.90,-4.19,56.65,43.06,30.35,85.55,0.52,4.02
TRLV,Trulieve Cannabis Corp,2026-10-01,Pharmaceuticals,2.09,0.52,0.00,0.00,0.00,117.86,0.00,-3.90,-41.55,-44.03,0.63,5.94
GOLF,Acushnet Holdings Corp,2026-10-01,Leisure Products,4.87,0.78,1.20,22.18,20.40,10.26,-2.07,8.77,8.12,25.98,1.04,2.55
WOR,"Worthington Enterprises, Inc",2026-10-01,Machinery,2.74,1.38,1.30,17.78,15.45,107.06,54.64,18.44,11.50,16.19,0.29,2.67
HPQ,HP Inc,2026-10-01,Technology,28.99,1.21,3.75,11.90,10.07,-10.27,-4.42,8.14,4.14,16.85,0.32,0.79
RVLV,Revolve Group Inc,2026-10-01,Retail,1.51,1.64,0.00,20.69,24.04,-7.67,60.11,10.80,5.54,14.05,0.00,2.48
FTDR,Frontdoor Inc,2026-10-01,Diversified Consumer Services,5.20,1.65,0.00,19.08,15.36,28.93,11.73,9.26,12.72,101.87,4.08,1.59
ACNB,ACNB Corp,2026-10-01,Banking,0.64,0.91,3.30,11.49,11.19,1.82,95.55,19.08,33.22,13.02,0.09,0.00
EL,Estee Lauder Companies Inc,2026-10-01,Consumer products,32.68,1.25,1.53,182.53,28.81,-1.57,0.00,5.07,1.21,4.63,1.92,1.22
SYM,Symbotic Inc,2026-10-01,Machinery,26.02,2.04,0.00,2009.03,60.48,-11.45,0.00,19.98,0.48,2.21,0.00,1.33
WAY,Waystar Holding Corp,2026-10-01,Health Care,4.87,1.50,0.00,35.66,14.08,-30.24,46.35,19.23,11.18,3.59,0.37,1.85
SWKS,Skyworks Solutions Inc,2026-10-01,Semiconductors,12.51,1.51,3.33,44.11,17.87,7.86,-23.03,0.06,7.23,5.04,0.09,3.10
TDAY,USA TODAY Co Inc,2026-10-01,Media,1.04,1.56,0.00,0.00,23.94,5.75,0.00,-6.67,-1.81,-25.00,6.18,0.81
GME,GameStop Corp,2026-10-01,Retail,12.16,1.67,0.00,13.77,13.39,68.30,106.12,-7.71,25.16,15.72,0.68,8.72
DOCS,Doximity Inc,2026-10-01,Health Care,5.08,1.34,0.00,30.41,21.15,-28.70,-27.61,11.18,25.48,16.95,0.00,6.08
TBBK,Bancorp Inc,2026-10-01,Banking,2.00,1.22,0.00,8.29,6.82,32.94,14.47,89.13,41.94,32.32,1.36,0.00
AXON,Axon Enterprise Inc,2026-10-01,Aerospace & Defense,34.30,1.49,0.00,172.10,46.84,-4.42,-40.22,34.60,6.19,5.91,0.47,2.15
LILA,Liberty Latin America Ltd,2026-10-01,Telecommunication,1.63,0.79,0.00,0.00,0.00,-33.72,0.00,1.08,-2.20,-17.43,16.00,1.19
MET,MetLife Inc,2026-10-01,Insurance,59.96,0.80,2.84,16.33,8.87,-5.29,-10.97,8.43,4.57,12.94,0.72,0.04
MDU,MDU Resources Group Inc,2026-10-01,Utilities,3.89,0.74,2.92,19.60,17.81,44.11,-9.59,-0.93,10.75,6.95,0.88,0.99
CW,Curtiss-Wright Corp,2026-10-01,Aerospace & Defense,20.13,0.93,0.18,36.76,33.22,51.60,22.61,10.54,14.81,20.69,0.35,1.60
TSLA,Tesla Inc,2026-10-01,Automobiles,1398.57,1.75,0.00,368.19,174.43,-9.05,-37.66,11.75,3.67,4.57,0.11,1.94
RKT,Rocket Companies Inc,2026-10-01,Financial Services,33.89,2.32,0.00,72.06,19.44,43.07,0.00,98.83,4.60,2.40,1.41,0.17
VSH,Vishay Intertechnology Inc,2026-10-01,Electrical Equipment,4.99,1.90,1.09,175.80,22.31,-50.41,0.00,13.38,0.86,1.24,0.33,1.80
FRMI,Fermi Inc,2026-10-01,Real Estate,2.59,1.76,0.00,0.00,13.83,-2.11,0.00,0.00,0.00,-79.32,0.50,0.67
MAIN,Main Street Capital Corp,2026-10-01,Financial Services,5.20,0.75,6.75,11.45,14.73,-19.98,-18.35,3.00,78.49,14.81,0.80,1.55
COTY,Coty Inc,2026-10-01,Consumer products,2.33,0.87,0.57,0.00,8.19,-46.40,0.00,-1.46,-10.42,-18.26,1.07,0.75
DJT,Trump Media & Technology Group Corp,2026-10-01,Media,2.44,1.35,0.00,0.00,0.00,-31.84,0.00,21.61,-28860.41,-84.14,0.95,0.96
OFRM,Once Upon A Farm PBC,2026-10-01,Food Products,0.67,2.02,0.00,0.00,0.00,-3.90,0.00,0.00,-3.30,0.00,0.00,4.01
AROC,Archrock Inc,2026-10-01,Energy,5.33,0.97,2.87,16.15,14.96,-15.52,40.76,11.54,21.84,21.96,1.51,1.39
CLMB,Climb Global Solutions Inc,2026-10-01,Electrical Equipment,0.62,1.13,0.26,29.17,18.92,32.07,-71.28,23.05,2.88,17.50,0.00,1.13
PRGS,Progress Software Corp,2026-10-01,Technology,1.50,0.91,0.03,18.24,6.50,-8.50,60.30,15.50,8.87,18.16,2.55,0.81
MFP,Midera Food Processing Inc,2026-10-01,Machinery,1.88,-1.09,0.00,17.12,19.28,-41.45,0.00,0.00,8.15,0.00,0.33,1.84
AORT,Artivion Inc,2026-10-01,Health Care,1.07,1.33,0.00,0.00,0.00,-5.81,0.00,16.40,-0.67,-0.71,0.82,3.47
BBWI,Bath & Body Works Inc,2026-10-01,Retail,3.31,1.40,4.95,4.19,6.19,12.17,13.79,-2.17,10.83,3138.89,262.33,1.20
URBN,Urban Outfitters Inc,2026-10-01,Retail,6.75,1.27,0.00,11.67,11.22,-9.34,25.43,11.01,8.79,20.72,0.00,1.58
HAL,Halliburton Co,2026-10-01,Energy,26.56,0.81,2.15,16.58,12.00,-4.74,-10.75,0.63,7.16,15.09,0.65,2.02
CVS,CVS Health Corp,2026-10-01,Health Care,108.97,0.58,3.12,22.38,10.37,30.66,5.27,7.36,1.18,6.41,0.77,0.87
LNN,Lindsay Corp,2026-10-01,Machinery,1.14,0.72,1.38,20.44,19.82,-1.34,-25.13,-7.37,8.79,10.73,0.23,2.93
SGP,SpyGlass Pharma Inc,2026-10-01,Pharmaceuticals,0.89,1.15,0.00,0.00,0.00,50.75,0.00,0.00,0.00,-56.78,0.00,25.06
MTSI,MACOM Technology Solutions Holdings Inc,2026-10-01,Semiconductors,23.04,1.81,0.00,95.97,33.97,-15.59,0.00,28.36,20.70,17.09,0.26,2.34
RBA,RB Global Inc,2026-10-01,Commercial Services & Supplies,21.46,0.19,1.24,44.32,17.35,3.49,15.24,9.73,9.99,8.01,0.49,1.31
STT,State Street Corp,2026-10-01,Financial Services,47.97,1.40,2.44,13.68,12.17,25.54,26.58,181.15,20.50,12.40,1.08,0.00
RXT,Rackspace Technology Inc,2026-10-01,Technology,0.98,3.23,0.00,0.00,198.59,-49.42,0.00,0.34,-5.88,-363.63,114.82,0.76
ALGM,Allegro Microsystems Inc,2026-10-01,Semiconductors,6.78,2.03,0.00,477.52,28.42,2.17,0.00,24.22,1.50,1.48,0.30,3.70
GM,General Motors Co,2026-10-01,Automobiles,69.59,1.45,1.73,34.67,5.70,19.92,-55.08,-1.11,1.05,3.09,2.06,1.14
CAVA,CAVA Group Inc,2026-10-01,"Hotels, Restaurants & Leisure",6.35,1.81,0.00,34.47,99.46,13.27,81.45,67.99,10.07,35.29,0.00,2.48
PACS,Pacs Group Inc,2026-10-01,Health Care,6.50,-1.46,0.00,24.44,17.33,-4.91,248.32,114.63,4.85,27.15,0.36,0.91
GOLD,Gold.com Inc,2026-10-01,Distributors,1.23,0.66,1.81,15.07,12.10,12.84,321.47,132.39,0.32,10.90,0.99,1.15
CVNA,Carvana Co,2026-10-01,Retail,69.37,3.67,0.00,44.01,39.01,-11.22,40.64,53.98,6.26,46.57,1.30,3.93
HLMN,Hillman Solutions Corp,2026-10-01,Machinery,1.35,1.51,0.00,32.79,10.97,-0.71,89.57,6.47,2.57,3.36,0.57,2.71
CTVA,Corteva Inc,2026-10-01,Chemicals,51.81,0.59,0.93,51.35,19.97,-1.10,-26.39,3.70,5.66,4.08,0.19,1.52
OGN,Organon & Co,2026-10-01,Pharmaceuticals,3.60,1.53,0.50,17.23,3.83,-21.93,-71.01,-2.45,3.41,23.44,8.50,1.95
ALNT,Allient Inc,2026-10-01,Electrical Equipment,1.97,1.60,0.11,68.99,34.20,-12.97,98.22,10.62,4.98,9.43,0.56,3.42
LSCC,Lattice Semiconductor Corp,2026-10-01,Semiconductors,18.30,1.87,0.00,499.01,42.75,9.86,13.06,33.25,5.58,4.93,0.00,3.02
BRKR,Bruker Corp,2026-10-01,Life Sciences Tools & Services,9.44,1.24,0.57,0.00,26.28,-3.14,0.00,1.65,-2.03,-2.93,0.77,1.85
SSNC,SS&C Technologies Holdings Inc,2026-10-01,Professional Services,18.41,1.06,1.42,21.27,10.51,-13.99,9.65,8.57,13.16,12.66,1.14,1.06
FMNB,Farmers National Banc Corp,2026-10-01,Banking,0.90,0.77,3.29,13.32,8.85,1.40,9.69,44.76,28.27,10.61,0.12,0.00
DMRA,Damora Therapeutics Inc,2026-10-01,Biotechnology,1.25,-4.10,0.00,0.00,0.00,60.18,0.00,0.00,0.00,-83.06,0.00,19.73
ECL,Ecolab Inc,2026-10-01,Chemicals,76.04,0.88,1.05,35.76,30.58,-16.25,-0.36,7.11,12.57,21.41,1.31,1.84
BOX,Box Inc,2026-10-01,Technology,4.75,0.71,0.33,35.15,22.47,7.92,-40.57,9.63,10.59,73.52,3.09,1.06
EBF,Ennis Inc,2026-10-01,Commercial Services & Supplies,0.57,0.27,4.54,14.54,13.86,31.85,-5.77,2.27,9.81,12.58,0.00,3.79
DBRG,DigitalBridge Group Inc,2026-10-01,Financial Services,3.04,1.44,2.20,8.73,36.07,89.39,505.00,242.82,54.34,15.97,0.12,0.76
AMGN,Amgen Inc,2026-10-01,Biotechnology,220.18,0.45,2.30,25.87,17.05,26.98,31.72,9.10,22.95,89.32,4.90,1.37
PIPR,Piper Sandler Companies,2026-10-01,Financial Services,4.65,1.42,3.04,15.15,13.81,65.73,-57.15,32.12,14.51,22.90,0.07,0.82
CNC,Centene Corp,2026-10-01,Health Care,30.13,1.09,0.00,0.00,12.52,12.78,0.00,17.02,-3.25,-24.03,0.71,1.12
ADUS,Addus Homecare Corp,2026-10-01,Health Care,2.09,0.77,0.00,19.66,15.44,1.85,25.89,15.88,7.13,9.57,0.05,1.69
PEGA,Pegasystems Inc,2026-10-01,Technology,5.66,0.95,0.37,17.26,13.61,-16.10,59.64,3.60,18.66,48.90,0.00,1.06
TCBI,Texas Capital Bancshares Inc,2026-10-01,Banking,4.05,0.66,0.65,10.99,11.85,16.44,184.53,62.23,28.51,10.04,0.14,0.00
RMBS,Rambus Inc,2026-10-01,Semiconductors,11.64,1.91,0.00,48.28,29.38,24.27,3.34,17.17,31.69,17.39,0.00,9.75
CVSA,Covista Inc,2026-10-01,Diversified Consumer Services,4.20,0.71,0.00,16.94,13.63,21.02,13.69,9.27,12.87,17.82,0.46,1.09
MNPR,Monopar Therapeutics Inc,2026-10-01,Biotechnology,0.52,1.56,0.00,0.00,0.00,-2.85,0.00,0.00,0.00,-13.08,0.00,33.56
FLS,Flowserve Corp,2026-10-01,Machinery,9.29,1.32,1.18,24.90,16.89,-10.86,29.30,-0.26,8.01,16.63,0.94,2.15
PANW,Palo Alto Networks Inc,2026-10-01,Technology,324.13,0.96,0.00,1058.63,87.60,-7.56,-67.95,24.49,2.67,1.68,0.06,0.87
MDGL,Madrigal Pharmaceuticals Inc,2026-10-01,Biotechnology,11.55,-1.08,0.00,0.00,148.08,-23.67,0.00,149.04,-25.32,-56.65,0.65,3.20
SHOO,Steven Madden Ltd,2026-10-01,"Textiles, Apparel & Luxury Goods",3.34,1.17,1.89,22.61,16.96,13.26,56.95,18.15,5.23,16.05,0.13,1.91
MITK,Mitek Systems Inc,2026-10-01,Technology,0.81,0.95,0.00,33.91,14.12,-18.98,46.48,11.10,11.39,9.35,0.20,2.74
TOST,Toast Inc,2026-10-01,Financial Services,16.98,1.78,0.00,34.94,21.09,-13.12,120.85,23.04,7.14,23.79,0.00,2.40
RL,Ralph Lauren Corp,2026-10-01,"Textiles, Apparel & Luxury Goods",21.59,1.35,1.02,22.10,17.48,2.55,26.61,14.68,11.76,35.63,0.54,2.04
ANF,Abercrombie & Fitch Co,2026-10-01,Retail,5.79,1.05,0.00,10.74,10.58,-23.92,10.51,4.73,10.04,39.59,0.00,1.41
WAB,Westinghouse Air Brake Technologies Corp,2026-10-01,Machinery,48.51,0.94,0.40,38.23,24.11,-3.60,11.11,13.43,10.59,11.40,0.59,1.12
YSS,York Space Systems Inc,2026-10-01,Aerospace & Defense,2.01,0.00,0.00,0.00,0.00,78.56,0.00,0.00,-58.13,0.00,0.08,5.34
PAY,Paymentus Holdings Inc,2026-10-01,Financial Services,3.88,1.40,0.00,45.73,33.61,14.87,52.25,30.21,6.24,14.79,0.00,4.89
AKTS,Aktis Oncology Inc,2026-10-01,Biotechnology,1.03,169.86,0.00,0.00,0.00,61.11,19.36,49.91,-810.19,-30.80,0.00,16.33
EQPT,Equipmentshare.Com Inc,2026-10-01,Trading Companies & Distributors,4.44,2.17,0.00,146.95,38.54,63.51,0.00,0.00,0.44,2.47,2.55,2.42
CTBI,Community Trust Bancorp Inc,2026-10-01,Banking,1.37,0.58,2.85,12.40,11.61,22.22,17.64,21.26,35.45,12.52,0.41,0.00
GPI,Group 1 Automotive Inc,2026-10-01,Retail,3.06,0.99,0.88,10.01,5.93,45.79,-34.18,0.81,1.31,9.97,1.88,1.02
MTH,Meritage Homes Corp,2026-10-01,Consumer products,4.20,1.32,3.08,12.11,11.61,12.64,-45.41,-13.27,6.11,6.38,0.37,10.78
EPAC,Enerpac Tool Group Corp,2026-10-01,Machinery,1.79,0.84,0.12,19.22,17.36,8.35,8.73,4.27,14.72,22.00,0.44,2.67
VEL,Velocity Financial Inc,2026-10-01,Financial Services,0.58,0.78,0.00,5.38,5.20,102.45,24.41,12.83,19.60,15.83,9.77,0.26
CINF,Cincinnati Financial Corp,2026-10-01,Insurance,24.89,0.53,2.19,7.45,18.91,19.38,84.01,10.87,25.71,20.89,0.05,1.87
NTRS,Northern Trust Corp,2026-10-01,Financial Services,30.96,1.24,2.08,13.68,14.10,1.67,36.10,15.08,24.76,17.14,12.04,0.37
HAPN,Happen Inc,2026-10-01,Financial Services,1.78,1.74,0.00,8.72,7.15,9.06,158.98,-37.42,19.71,12.92,6.89,0.09
GS,Goldman Sachs Group Inc,2026-10-01,Financial Services,261.08,1.30,2.35,12.42,13.09,9.90,41.66,6.67,15.53,16.94,11.01,0.32
TKR,Timken Co,2026-10-01,Machinery,8.25,1.18,1.21,31.77,16.64,2.21,-16.14,5.45,5.43,8.13,0.65,3.10
CELC,Celcuity Inc,2026-10-01,Biotechnology,3.68,0.14,0.00,0.00,0.00,-22.00,0.00,0.00,0.00,-244.61,6.04,8.93
CNK,Cinemark Holdings Inc,2026-10-01,Media,4.19,1.09,0.95,19.84,13.89,4.08,0.89,4.54,6.44,52.02,3.99,0.84
THFF,First Financial Corp,2026-10-01,Banking,1.18,0.46,2.21,13.58,9.42,22.20,36.32,30.56,30.36,13.02,0.47,0.00
ARES,Ares Management Corp,2026-10-01,Financial Services,26.11,1.56,7.33,41.16,18.12,14.90,23.51,24.03,10.63,15.20,3.54,0.28
MTDR,Matador Resources Co,2026-10-01,Energy,6.55,0.99,2.79,8.82,6.35,-5.46,-14.47,-3.56,19.85,12.76,0.71,0.65
VOR,Vor Biopharma Inc,2026-10-01,Biotechnology,1.14,1.75,0.00,1.81,0.00,60.98,0.00,0.00,0.00,-142.13,0.00,19.15
SHW,Sherwin-Williams Co,2026-10-01,Chemicals,77.87,1.06,1.02,28.59,24.92,-8.41,7.65,5.76,11.01,62.12,3.13,0.73
CUBI,Customers Bancorp Inc,2026-10-01,Banking,2.50,1.48,0.16,8.58,8.78,6.84,85.16,55.60,30.56,13.57,0.12,0.00
SPB,Spectrum Brands Holdings Inc,2026-10-01,Consumer products,1.83,0.82,2.40,23.06,15.50,-11.10,22.51,0.82,2.76,4.20,0.33,2.41
UMBF,UMB Financial Corp,2026-10-01,Banking,9.86,0.87,1.55,10.34,9.64,24.42,40.79,72.22,25.94,12.17,0.44,0.00
EFX,Equifax Inc,2026-10-01,Professional Services,16.42,1.33,1.54,24.07,16.47,29.88,11.24,10.35,10.73,14.98,1.25,0.60
PBYI,Puma Biotechnology Inc,2026-10-01,Biotechnology,0.51,1.42,0.00,19.46,27.36,2.01,-47.40,-2.86,11.55,20.85,0.00,2.91
ABCB,Ameris Bancorp,2026-10-01,Banking,5.38,1.02,1.03,14.08,11.98,26.89,-2.55,53.00,26.23,9.25,0.03,0.00
NIQ,NIQ Global Intelligence PLC,2026-10-01,Media,5.09,0.06,0.00,0.00,15.78,-18.94,0.00,8.86,-8.01,-37.04,3.91,1.09
SNPS,Synopsys Inc,2026-10-01,Technology,94.01,1.22,0.00,84.86,23.51,7.61,-55.62,46.33,11.43,3.57,0.32,1.34
KMTS,Kestra Medical Technologies Ltd,2026-10-01,Health Care,1.62,1.69,0.00,0.00,0.00,12.86,0.00,60.72,-140.43,-64.18,0.33,4.69
FWDI,Forward Industries Inc,2026-10-01,Electrical Equipment,0.60,0.89,0.00,0.00,0.00,61.38,0.00,171.58,-2073.85,-130.50,0.25,0.17
SCI,Service Corporation International,2026-10-01,Diversified Consumer Services,10.43,0.78,1.81,19.40,17.43,-12.08,4.07,2.89,12.30,33.98,3.45,0.53
CBIO,Crescent Biopharma Inc,2026-10-01,Biotechnology,0.53,1.41,0.00,0.00,0.00,93.39,0.00,0.00,-990.32,-100.26,0.00,9.66
CRCL,Circle Internet Group Inc,2026-10-01,Technology,21.15,1.91,0.00,46.45,77.31,-4.13,0.00,37.19,15.53,13.58,0.00,1.03
GIC,Global Industrial Co,2026-10-01,Trading Companies & Distributors,1.64,0.75,2.61,18.38,18.70,39.55,31.21,8.43,6.06,26.97,0.00,2.24
WAL,Western Alliance Bancorp,2026-10-01,Banking,8.26,1.46,2.33,8.41,7.33,16.84,16.88,69.87,32.88,12.89,0.33,0.00
CGBD,Carlyle Secured Lending Inc,2026-10-01,Financial Services,0.74,0.74,15.63,19.91,7.92,-24.86,-56.77,44.54,14.26,3.25,1.20,0.97
EVER,EverQuote Inc,2026-10-01,Media,0.70,0.85,0.00,6.15,8.50,78.77,147.47,68.34,15.16,50.29,0.00,3.33
BKH,Black Hills Corp,2026-10-01,Utilities,5.35,0.66,3.89,17.78,15.80,37.02,0.03,2.45,12.92,7.73,1.14,0.52
TIC,TIC Solutions Inc,2026-10-01,Professional Services,1.81,3.08,0.00,0.00,0.00,-20.40,0.00,0.00,-5.65,-5.55,0.81,2.91
FRPT,Freshpet Inc,2026-10-01,Food Products,2.77,1.79,0.00,13.60,29.82,-21.61,449.74,12.77,17.28,16.65,0.35,6.05
ARRY,Array Technologies Inc,2026-10-01,Electrical Equipment,0.60,1.83,0.00,0.00,4.67,12.77,0.00,1.18,-7.25,-27.96,2.37,2.20
STEP,StepStone Group Inc,2026-10-01,Financial Services,5.40,1.29,2.52,0.00,15.91,-20.35,0.00,49.63,-30.12,-98.37,1.75,0.76
STRA,Strategic Education Inc,2026-10-01,Diversified Consumer Services,1.75,0.51,3.14,13.10,9.50,26.47,24.75,3.53,10.46,8.19,0.00,1.10
SNOW,Snowflake Inc,2026-10-01,Technology,120.65,1.34,0.00,0.00,154.30,-34.20,0.00,32.04,-20.07,-53.56,1.06,0.94
STOK,Stoke Therapeutics Inc,2026-10-01,Biotechnology,1.68,1.35,0.00,0.00,0.00,40.69,0.00,-86.20,-753.60,-59.36,0.00,7.69
PEBO,Peoples Bancorp Inc,2026-10-01,Banking,1.33,0.63,4.50,11.11,10.60,48.97,12.80,55.58,26.34,9.76,0.09,0.00
IDXX,IDEXX Laboratories Inc,2026-10-01,Health Care,40.79,1.57,0.00,36.16,32.21,-14.80,18.43,12.77,25.03,71.96,0.60,1.17
ADMA,ADMA Biologics Inc,2026-10-01,Biotechnology,2.22,0.69,0.00,13.30,11.39,29.16,-16.60,8.04,32.98,39.59,0.48,6.97
GBCI,Glacier Bancorp Inc,2026-10-01,Banking,5.65,0.80,3.03,17.79,12.82,4.71,26.83,21.55,29.38,7.61,0.52,0.00
EPAM,Epam Systems Inc,2026-10-01,Technology,5.90,1.35,0.00,13.92,8.70,-37.46,5.28,10.76,7.15,11.19,0.01,2.75
FIGR,Figure Technology Solutions Inc,2026-10-01,Financial Services,6.40,0.34,0.00,27.30,24.64,32.63,0.00,0.00,33.45,18.59,0.68,1.86
HUBS,HubSpot Inc,2026-10-01,Technology,10.84,1.20,0.00,69.60,16.36,25.93,0.00,21.11,4.26,7.75,0.00,1.38
ALMS,Alumis Inc,2026-10-01,Pharmaceuticals,0.96,1.00,0.00,0.00,0.00,43.56,0.00,0.00,-6114.62,-102.97,0.00,6.74
FOXA,Fox Corp,2026-10-01,Media,24.47,0.66,1.18,14.42,10.90,-13.55,-21.76,5.07,9.84,14.74,0.57,3.17
ALB,Albemarle Corp,2026-10-01,Chemicals,12.39,1.36,2.93,54.44,10.51,14.76,0.00,18.32,3.79,2.26,0.18,2.09
NX,Quanex Building Products Corp,2026-10-01,Building,0.88,0.99,1.71,18.76,10.34,3.26,0.00,1.26,2.43,6.19,0.89,2.23
IRTC,"iRhythm Holdings, Inc",2026-10-01,Health Care,3.66,1.41,0.00,0.00,110.33,-9.60,0.00,25.58,-1.69,-8.97,3.50,3.85
MBIN,Merchants Bancorp,2026-10-01,Financial Services,2.27,1.21,2.65,8.47,8.88,46.18,6.08,0.00,0.00,11.64,0.03,0.00
NEOG,Neogen Corp,2026-10-01,Health Care,2.67,1.88,0.00,0.00,39.48,136.57,0.00,-2.71,-0.91,-0.37,0.38,3.82
ROCK,Gibraltar Industries Inc,2026-10-01,Building,1.18,1.32,0.00,0.00,9.39,29.16,0.00,14.47,-10.43,-16.42,1.37,1.46
AVTX,Avalo Therapeutics Inc,2026-10-01,Biotechnology,0.80,0.64,0.00,0.00,0.00,3.23,0.00,-86.62,-23254.24,-58.03,0.00,19.31
AMC,AMC Entertainment Holdings Inc,2026-10-01,Media,2.46,2.30,0.00,0.00,0.00,-1.73,0.00,6.41,-10.59,-11.87,4.00,0.55
SOFI,SoFi Technologies Inc,2026-10-01,Financial Services,20.46,2.31,0.00,32.15,22.47,-21.36,-1.60,205.53,-19.79,6.18,0.30,0.00
RMR,RMR Group Inc,2026-10-01,Real Estate,0.58,0.98,5.26,29.38,26.55,-23.96,0.68,-15.21,3.10,8.69,0.73,1.40
GOOGL,Alphabet Inc,2026-10-01,Media,4136.68,1.21,0.25,16.99,21.39,-5.33,115.31,20.05,54.77,50.84,0.15,2.72
CALX,Calix Inc,2026-10-01,Communications,2.20,1.22,0.00,42.26,20.28,9.62,0.00,27.84,4.61,6.54,0.00,2.83
WLTH,Wealthfront Corp,2026-10-01,Financial Services,1.41,0.02,0.00,0.00,19.51,98.89,0.00,0.00,-19.42,-13.11,0.01,1.43
CHWY,Chewy Inc,2026-10-01,Retail,7.12,1.35,0.00,26.21,22.69,20.10,84.51,5.86,2.09,62.13,1.60,0.84
ALHC,Alignment Healthcare Inc,2026-10-01,Health Care,1.61,1.06,0.00,39.45,23.08,103.09,0.00,37.21,0.89,20.02,1.22,1.70
RPC,Ridgepost Capital Inc,2026-10-01,Financial Services,0.83,0.91,2.01,30.20,7.14,23.44,89.88,4.43,8.75,7.74,1.34,1.01
ENR,Energizer Holdings Inc,2026-10-01,Consumer products,1.45,0.84,5.76,18.09,6.62,-6.23,-65.88,2.17,2.73,47.41,16.42,2.07
FWONA,Formula One Group,2026-10-01,Media,22.71,0.71,0.00,106.44,40.41,49.41,-22.69,12.23,4.91,2.74,0.65,1.27
LEA,Lear Corp,2026-10-01,Auto Components,5.99,1.30,2.78,10.44,7.47,12.50,25.31,3.54,2.35,10.90,0.53,1.31
PCAR,Paccar Inc,2026-10-01,Machinery,57.87,0.96,2.48,23.21,16.56,41.06,-18.58,-10.56,9.00,12.73,0.72,1.70
BMRN,BioMarin Pharmaceutical Inc,2026-10-01,Biotechnology,11.31,0.21,0.00,156.78,15.64,3.43,-89.17,11.20,2.14,1.18,0.66,2.39
TRNS,Transcat Inc,2026-10-01,Trading Companies & Distributors,0.84,0.62,0.00,242.71,45.57,-2.66,-74.58,20.91,0.99,1.15,0.36,2.49
DECK,Deckers Outdoor Corp,2026-10-01,"Textiles, Apparel & Luxury Goods",10.84,1.13,0.00,10.50,10.58,37.94,8.23,7.85,18.36,41.10,0.00,2.75
WBD,Warner Bros Discovery Inc,2026-10-01,Media,77.44,1.64,0.00,0.00,0.00,180.56,0.00,-6.05,-8.77,-9.22,0.98,0.78
HALO,Halozyme Therapeutics Inc,2026-10-01,Biotechnology,12.14,0.96,0.00,30.32,11.43,71.72,-23.53,41.15,24.86,180.63,14.95,2.71
SR,Spire Inc,2026-10-01,Utilities,4.52,0.56,4.49,8.21,14.18,9.07,89.90,4.12,21.63,15.88,2.03,0.37
LUCK,Lucky Strike Entertainment Corp,2026-10-01,"Hotels, Restaurants & Leisure",0.71,0.66,4.85,0.00,164.30,-28.76,0.00,3.66,-2.87,98.14,39.15,0.50
AR,Antero Resources Corp,2026-10-01,Energy,10.46,0.56,0.00,9.47,7.99,10.15,153.24,25.76,17.68,13.86,0.31,0.40
TTWO,Take-Two Interactive Software Inc,2026-10-01,Media,38.07,0.92,0.00,0.00,24.56,4.41,0.00,15.30,-4.79,-9.12,0.70,1.06
TSHA,Taysha Gene Therapies Inc,2026-10-01,Biotechnology,1.54,1.40,0.00,0.00,0.00,55.78,0.00,-32.27,-780.33,-56.19,0.13,17.76
NMIH,NMI Holdings Inc,2026-10-01,Financial Services,2.86,0.56,0.00,7.10,7.79,44.25,7.97,7.53,54.10,15.14,0.15,0.00
ALL,Allstate Corp,2026-10-01,Insurance,56.74,0.17,2.10,4.25,7.70,57.12,132.80,5.92,18.97,43.12,0.22,0.00
EVRG,Evergy Inc,2026-10-01,Utilities,18.16,0.49,3.44,19.57,17.73,21.42,8.44,-42.62,14.03,9.06,1.61,0.36
GRC,Gorman- Rupp Co,2026-10-01,Machinery,1.98,1.27,1.00,31.81,24.93,30.37,19.91,4.18,8.88,14.79,0.62,2.81
IART,Integra Lifesciences Holdings Corp,2026-10-01,Health Care,1.25,1.26,0.00,0.00,6.25,12.35,0.00,1.60,-0.44,-0.70,1.79,3.60
MCHB,Mechanics Bank,2026-10-01,Banking,3.43,1.39,4.11,15.66,13.23,0.00,0.00,0.00,0.00,9.93,0.05,0.00
UNH,UnitedHealth Group Inc,2026-10-01,Health Care,327.80,0.54,2.48,23.10,17.09,-11.43,-32.66,6.46,3.14,14.40,0.70,0.74
GPGI,GPGI Inc,2026-10-01,Technology,3.49,0.90,0.04,0.00,10.97,-3.90,0.00,0.00,0.00,-18.91,0.00,1.14
BY,Byline Bancorp Inc,2026-10-01,Banking,1.68,0.74,1.20,11.17,10.86,-10.80,23.80,60.16,27.00,11.75,0.17,0.00
ASTS,AST SpaceMobile Inc,2026-10-01,Telecommunication,22.20,2.91,0.00,0.00,0.00,-32.97,0.00,2256.89,-536.66,-35.08,1.57,13.05
ATEC,Alphatec Holdings Inc,2026-10-01,Health Care,1.53,0.83,0.00,0.00,20.04,-15.63,0.00,19.47,-13.50,-435.93,49.92,1.89
FUL,H.B. Fuller Company,2026-10-01,Chemicals,2.70,0.98,1.96,13.38,9.77,52.31,72.48,1.48,5.56,9.51,0.95,1.82
WS,Worthington Steel Inc,2026-10-01,Metals & Mining,1.75,2.32,1.80,213.62,14.58,21.89,-93.26,11.33,0.25,0.77,0.25,1.46
LBRT,Liberty Energy Inc,2026-10-01,Energy,3.01,0.74,1.92,24.61,115.89,3.51,-43.41,2.29,2.92,6.08,0.79,1.99
VRNS,Varonis Systems Inc,2026-10-01,Technology,5.45,0.76,0.00,0.00,140.00,-17.78,0.00,15.61,-20.55,-26.91,1.02,1.65
DNTH,Dianthus Therapeutics Inc,2026-10-01,Biotechnology,4.94,2.00,0.00,0.00,0.00,14.28,0.00,-60.77,-10096.95,-22.53,0.00,26.10
NGNE,Neurogene Inc,2026-10-01,Biotechnology,0.53,1.75,0.00,0.00,0.00,83.12,0.00,0.00,0.00,-25.27,0.00,10.64
UNM,Unum Group,2026-10-01,Insurance,13.94,0.26,2.24,19.57,10.11,38.20,-48.71,3.42,5.26,6.43,0.35,0.00
ENVA,Enova International Inc,2026-10-01,Financial Services,4.27,1.37,0.00,11.71,9.93,13.13,43.80,22.52,17.26,25.76,3.35,20.16
CBU,Community Financial System Inc,2026-10-01,Banking,3.15,0.79,3.17,13.62,12.14,25.48,17.27,24.03,23.15,11.34,0.08,0.00
TPB,Turning Point Brands Inc,2026-10-01,Tobacco,1.11,1.13,0.54,25.29,27.64,50.52,-2.28,34.13,8.78,11.93,0.68,5.67
LNTH,Lantheus Holdings Inc,2026-10-01,Health Care,6.51,0.03,0.00,23.63,16.46,-13.30,9.79,2.35,17.69,23.27,0.44,3.06
BMI,Badger Meter Inc,2026-10-01,Electrical Equipment,3.72,0.66,1.31,28.35,27.37,0.11,-6.93,0.80,14.27,18.03,0.00,2.42
KALU,Kaiser Aluminum Corp,2026-10-01,Metals & Mining,2.43,1.70,2.22,10.30,12.52,-0.15,246.13,32.83,5.49,26.29,1.10,2.50
SAH,Sonic Automotive Inc,2026-10-01,Retail,2.02,1.02,2.59,9.15,8.76,63.96,40.17,5.25,1.37,20.45,4.28,1.01
XPEL,Xpel Inc,2026-10-01,Auto Components,1.22,1.22,0.00,22.37,17.59,-5.03,12.87,13.19,10.77,19.15,0.15,2.61
ODFL,Old Dominion Freight Line Inc,2026-10-01,Road & Rail,36.93,1.15,0.66,33.27,27.60,6.45,1.49,-0.64,19.44,24.87,0.00,1.89
USAR,USA Rare Earth Inc,2026-10-01,Metals & Mining,5.18,2.72,0.00,0.00,0.00,1.03,0.00,0.00,0.00,-7.75,0.00,32.79
ECHO,EchoStar Corp,2026-10-01,Media,25.66,-0.38,0.00,0.00,10.59,-20.34,0.00,-5.17,-38.71,-69.81,1.23,5.20
NOC,Northrop Grumman Corp,2026-10-01,Aerospace & Defense,68.47,-0.10,1.95,15.35,16.98,1.13,15.95,5.90,10.48,26.58,0.85,1.17
MO,Altria Group Inc,2026-10-01,Tobacco,111.79,0.51,6.33,13.99,11.81,-5.32,-8.27,-0.58,33.99,149.65,8.67,0.52
PD,PagerDuty Inc,2026-10-01,Technology,1.23,0.99,0.00,6.56,11.49,2.89,0.00,2.30,37.50,72.58,1.71,2.02
AIN,Albany International Corp,2026-10-01,Machinery,1.68,1.20,1.88,0.00,18.61,-12.61,0.00,3.20,-4.18,-6.96,0.60,2.24
AMBA,Ambarella Inc,2026-10-01,Semiconductors,3.10,2.38,0.00,0.00,68.91,-16.61,0.00,20.04,-13.48,-9.34,0.00,2.85
CI,Cigna Group,2026-10-01,Health Care,70.81,0.27,2.28,11.12,8.39,0.31,31.74,7.77,2.27,15.24,0.75,0.85
SFNC,Simmons First National Corp,2026-10-01,Banking,3.28,0.98,3.84,0.00,10.16,7.11,0.00,49.92,27.08,-10.21,0.11,0.00
S,SentinelOne Inc,2026-10-01,Technology,8.59,0.61,0.00,0.00,77.34,8.94,0.00,21.09,-30.95,-23.16,0.00,1.45
THRM,Gentherm Inc,2026-10-01,Auto Components,1.03,1.48,0.00,38.59,11.59,58.42,-14.87,8.68,1.68,3.69,0.38,2.06
MTCH,Match Group Inc,2026-10-01,Media,9.21,1.49,1.96,13.12,13.75,15.43,41.02,1.70,20.17,17.73,7.09,1.72
YUM,Yum! Brands Inc,2026-10-01,"Hotels, Restaurants & Leisure",43.27,0.55,2.14,16.98,19.19,1.49,57.23,10.28,25.42,117.64,30.97,0.59
LMB,Limbach Holdings Inc,2026-10-01,Construction,0.59,1.38,0.00,19.47,13.64,-16.01,-14.33,23.67,4.42,15.56,0.20,1.49
WHD,Cactus Inc,2026-10-01,Energy,4.97,1.41,0.77,62.30,19.41,12.26,-52.13,21.79,6.01,6.75,0.01,2.59
BG,Bunge Global SA,2026-10-01,Food Products,20.48,0.70,2.69,20.26,10.52,32.06,-48.66,80.53,1.10,6.33,0.96,1.57
EFSC,Enterprise Financial Services Corp,2026-10-01,Banking,2.15,0.86,2.45,11.06,10.56,60.49,-4.81,53.35,33.75,9.42,0.23,0.00
HBT,"HBT Financial, Inc",2026-10-01,Banking,1.30,0.43,2.23,16.75,11.05,-1.92,-4.04,49.19,27.40,11.41,0.18,0.00
EXE,Expand Energy Corp,2026-10-01,Energy,19.90,0.40,3.84,7.16,10.15,17.74,2866.66,60.73,20.35,14.70,0.19,0.96
METC,Ramaco Resources Inc,2026-09-28,Metals & Mining,0.52,1.30,0.00,0.00,0.00,11.19,0.00,-17.65,-11.98,-13.54,1.25,4.23
UTZ,UTZ Brands Inc,2026-10-01,Food Products,2.05,0.82,1.10,0.00,17.42,-46.74,0.00,1.95,-2.00,-4.08,1.23,1.06
PCT,Purecycle Technologies Inc,2026-10-01,Chemicals,0.86,2.72,0.00,0.00,0.00,27.39,0.00,0.00,-1618.84,-65.22,1.31,2.60
CFR,Cullen/Frost Bankers Inc,2026-10-01,Banking,9.54,0.53,2.81,13.74,13.48,-0.39,13.89,75.95,34.51,15.04,1.11,0.00
ACHC,Acadia Healthcare Company Inc,2026-10-01,Health Care,2.51,0.65,0.00,0.00,16.79,-29.89,0.00,4.27,-33.44,-50.02,1.22,1.57
ADP,Automatic Data Processing Inc,2026-10-01,Professional Services,104.59,0.82,2.52,23.59,21.56,0.81,9.61,6.74,20.11,70.20,0.82,1.05
NB,NioCorp Developments Ltd,2026-10-01,Metals & Mining,0.50,0.16,0.00,0.00,0.00,-29.61,0.00,0.00,0.00,-22.60,0.00,31.08
MTX,Minerals Technologies Inc,2026-10-01,Chemicals,2.03,1.17,0.74,0.00,10.05,-15.41,0.00,4.06,-3.13,-4.04,0.62,1.43
COGT,Cogent Biosciences Inc,2026-10-01,Biotechnology,5.48,0.36,0.00,0.00,0.00,7.61,0.00,0.00,-264.08,-72.57,0.42,13.57
CORZ,Core Scientific Inc,2026-10-01,Technology,5.25,3.98,0.00,0.00,0.00,-6.58,0.00,26.37,-325.91,-94.06,1438.71,0.89
DG,Dollar General Corp,2026-10-01,Retail,26.24,0.20,1.97,15.51,14.98,-11.67,42.34,4.77,3.90,19.56,0.49,1.21
AMSC,American Superconductor Corp,2026-10-01,Electrical Equipment,1.43,3.34,0.00,10.26,29.26,-18.71,666.60,25.89,42.56,27.22,0.00,2.43
ANDG,Andersen Group Inc,2026-10-01,Professional Services,6.48,1.28,0.00,0.00,30.66,39.66,0.00,0.00,-0.22,0.00,0.00,2.19
MOV,Movado Group Inc,2026-10-01,"Textiles, Apparel & Luxury Goods",0.54,0.93,6.07,12.80,15.32,-5.04,151.81,5.97,6.00,8.20,0.00,4.26
WEX,WEX Inc,2026-10-01,Financial Services,6.35,0.96,0.00,16.66,8.67,-1.56,26.87,7.46,12.56,28.21,3.98,0.58
USLM,United States Lime & Minerals Inc,2026-10-01,Construction,3.19,0.69,0.21,24.07,20.81,-11.33,7.15,7.00,35.66,20.76,0.00,27.54
CRWV,CoreWeave Inc,2026-10-01,Technology,48.85,3.11,0.00,0.00,0.00,28.07,0.00,115.26,-25.40,-45.37,7.02,0.46
OBDC,Blue Owl Capital Corp,2026-10-01,Financial Services,5.15,0.73,14.65,17.90,8.56,-7.06,-62.12,-2.97,16.99,3.95,1.12,0.13
PVLA,Palvella Therapeutics Inc,2026-10-01,Biotechnology,1.91,-0.15,0.00,0.00,0.00,1.56,0.00,-97.15,-39.71,-47.84,0.10,21.18
CTAS,Cintas Corp,2026-10-01,Commercial Services & Supplies,78.38,0.89,0.90,38.99,34.55,11.83,11.49,8.94,17.75,41.80,0.47,1.43
PFBC,Preferred Bank,2026-10-01,Banking,1.26,0.57,3.07,9.10,9.74,82.33,16.38,79.99,50.93,17.32,0.19,0.00
CBT,Cabot Corp,2026-10-01,Chemicals,3.94,0.85,2.52,20.27,11.40,-13.82,-53.66,-4.74,5.23,12.07,0.79,1.47
RYTM,Rhythm Pharmaceuticals Inc,2026-10-01,Biotechnology,6.43,2.17,0.00,0.00,0.00,5.29,0.00,53.51,-85.59,-80.48,0.49,3.45
AMCX,AMC Global Media Inc,2026-09-26,Media,0.50,1.54,0.00,0.00,4.79,11.95,0.00,-4.59,-0.88,-2.03,1.84,1.76
COLB,Columbia Banking System Inc,2026-10-01,Banking,8.13,0.72,4.98,11.20,9.10,-1.21,-11.52,230.06,19.43,9.22,0.08,0.00
CWH,Camping World Holdings Inc,2026-10-01,Retail,0.52,2.28,3.07,0.00,16.39,-5.07,0.00,-0.80,-1.55,-39.48,11.65,1.22
EWBC,East West Bancorp Inc,2026-10-01,Banking,17.13,1.01,2.32,11.60,11.22,17.38,21.65,74.74,47.99,16.19,0.11,0.00
NCLH,Norwegian Cruise Line Holdings Ltd,2026-10-01,"Hotels, Restaurants & Leisure",6.72,2.02,0.00,8.84,9.52,26.76,13.82,6.21,7.49,32.35,5.84,0.20
NPK,National Presto Industries Inc,2026-10-01,Aerospace & Defense,1.07,0.50,0.68,32.93,0.00,11.96,-24.67,24.88,6.19,8.32,0.00,5.88
BEAM,Beam Therapeutics Inc,2026-10-01,Biotechnology,2.52,2.27,0.00,0.00,0.00,-11.67,0.00,158.88,-54.75,-7.70,0.09,14.57
RRBI,Red River Bancshares Inc,2026-10-01,Banking,0.67,0.42,0.79,14.47,13.41,-11.25,22.46,29.77,33.63,12.47,0.00,0.00
GABC,German American Bancorp Inc,2026-10-01,Banking,1.83,0.62,2.46,12.84,12.07,-4.49,43.91,24.60,34.75,12.17,0.00,0.00
TEM,Tempus AI Inc,2026-10-01,Life Sciences Tools & Services,13.80,2.25,0.00,0.00,0.00,18.20,0.00,50.43,-17.77,-54.70,3.06,3.30
EVR,Evercore Inc,2026-10-01,Financial Services,9.96,1.51,1.51,13.37,11.96,24.81,60.84,45.68,15.71,39.83,0.29,2.47
NUAI,New Era Energy & Digital Inc,2026-10-01,Energy,0.68,1.17,0.00,0.00,0.00,34.97,0.00,0.00,-4382.51,-65.37,0.11,14.21
BBT,Beacon Financial Corp,2026-10-01,Banking,2.36,0.62,4.32,14.54,9.83,59.16,-25.26,0.00,0.00,6.42,0.10,0.00
NAVI,Navient Corp,2026-10-01,Financial Services,0.85,1.20,7.17,0.00,10.20,33.86,0.00,-20.96,-9.55,-2.04,18.49,0.57
LEVI,Levi Strauss & Co,2026-10-01,"Textiles, Apparel & Luxury Goods",7.67,1.33,2.84,12.01,11.96,6.10,59.38,5.72,9.66,28.66,0.46,1.60
FFIN,First Financial Bankshares Inc,2026-10-01,Banking,4.55,0.81,2.43,16.28,15.19,11.39,12.10,24.35,41.92,14.35,0.04,0.00
ROP,Roper Technologies Inc,2026-10-01,Technology,35.86,0.73,1.04,14.23,15.36,12.99,69.50,10.88,30.24,12.94,0.61,0.55
DVA,DaVita Inc,2026-10-01,Health Care,11.25,0.89,0.00,13.47,11.94,1.50,19.98,6.45,6.05,181.22,77.99,1.47
KOD,Kodiak Sciences Inc,2026-10-01,Biotechnology,6.19,1.99,0.00,0.00,0.00,364.56,0.00,0.00,0.00,-273.23,0.00,2.49
XYZ,Block Inc,2026-10-01,Financial Services,49.16,2.62,0.00,123.55,17.12,-12.45,-88.01,5.07,1.43,1.61,0.31,2.21
NHC,National Healthcare Corp,2026-10-01,Health Care,3.50,0.65,1.14,24.86,0.00,11.42,32.66,6.92,9.00,12.94,0.00,1.86
RIOT,Riot Platforms Inc,2026-10-01,Technology,7.36,3.89,0.00,0.00,0.00,-1.12,0.00,24.51,-196.28,-48.36,0.38,1.59
TRU,TransUnion,2026-10-01,Professional Services,11.91,1.62,0.79,16.18,13.47,27.88,90.89,12.37,15.07,15.95,1.15,1.90
VSNT,Versant Media Group Inc,2026-10-01,Media,4.40,0.68,0.00,5.81,5.99,11.17,0.00,0.00,11.46,8.27,0.36,2.38
WMK,Weis Markets Inc,2026-10-01,Retail,1.92,0.36,1.87,18.47,0.00,64.56,-2.04,4.50,1.92,7.15,0.00,2.03
CRAI,CRA International Inc,2026-10-01,Professional Services,1.10,0.68,1.33,21.93,17.19,-12.79,-9.07,11.46,6.20,24.79,1.20,0.82
WST,West Pharmaceutical Services Inc,2026-10-01,Life Sciences Tools & Services,23.90,1.14,0.24,46.92,38.21,-1.44,17.22,12.38,16.98,18.51,0.07,2.82
RUN,Sunrun Inc,2026-10-01,Electrical Equipment,1.84,2.39,0.00,4.72,12.09,-14.11,0.00,63.23,11.59,12.45,4.36,1.42
KLRA,Kailera Therapeutics Inc,2026-10-01,Biotechnology,1.43,2.18,0.00,0.00,0.00,92.54,0.00,0.00,0.00,0.00,0.00,11.11
SBH,Sally Beauty Holdings Inc,2026-10-01,Retail,1.50,1.12,0.00,7.97,7.78,0.81,3.60,1.08,5.16,23.11,0.93,2.37
